,timestamp,Keypad4,Keypad3,Keypad2,Keypad1,Opto4,Opto3,Opto2,Opto1,TTLin2,TTLin1,Mic2,Mic1,ActClose4,ActClose3,ActClose2,ActClose1,TTLout2,TTLout1,Sounder2,Sounder1
0,0.0,0,0,0,0,0,0,0,0,0,0,0,0,0,0,0,0,0,0,0,0
1,0.25,0,0,0,0,1,0,0,0,0,0,0,0,0,0,0,0,0,0,0,0
2,0.5,0,0,0,0,0,0,0,0,0,0,0,0,0,0,0,0,0,0,0,0
3,1303.75,0,0,0,0,0,0,0,0,0,0,0,1,0,0,0,0,0,0,0,0
4,1304.75,0,0,0,0,0,0,0,0,0,0,0,0,0,0,0,0,0,0,0,0
5,1305.0,0,0,0,0,0,0,0,0,0,0,0,1,0,0,0,0,0,0,0,0
6,1309.5,0,0,0,0,0,0,0,1,0,0,0,1,0,0,0,0,0,0,0,0
7,1317.25,0,0,0,0,0,0,0,1,0,0,0,0,0,0,0,0,0,0,0,0
8,1317.5,0,0,0,0,0,0,0,1,0,0,0,1,0,0,0,0,0,0,0,0
9,1334.25,0,0,0,0,0,0,0,1,0,0,0,0,0,0,0,0,0,0,0,0
10,1334.5,0,0,0,0,0,0,0,1,0,0,0,1,0,0,0,0,0,0,0,0
11,1336.5,0,0,0,0,0,0,0,1,0,0,0,0,0,0,0,0,0,0,0,0
12,1336.75,0,0,0,0,0,0,0,1,0,0,0,1,0,0,0,0,0,0,0,0
13,1349.0,0,0,0,0,0,0,0,1,0,0,0,0,0,0,0,0,0,0,0,0
14,1349.25,0,0,0,0,0,0,0,1,0,0,0,1,0,0,0,0,0,0,0,0
15,1351.25,0,0,0,0,0,0,0,1,0,0,0,0,0,0,0,0,0,0,0,0
16,1351.5,0,0,0,0,0,0,0,1,0,0,0,1,0,0,0,0,0,0,0,0
17,1366.0,0,0,0,0,0,0,0,1,0,0,0,0,0,0,0,0,0,0,0,0
18,1366.25,0,0,0,0,0,0,0,1,0,0,0,1,0,0,0,0,0,0,0,0
19,1368.25,0,0,0,0,0,0,0,1,0,0,0,0,0,0,0,0,0,0,0,0
20,1368.5,0,0,0,0,0,0,0,1,0,0,0,1,0,0,0,0,0,0,0,0
21,1380.75,0,0,0,0,0,0,0,1,0,0,0,0,0,0,0,0,0,0,0,0
22,1381.0,0,0,0,0,0,0,0,1,0,0,0,1,0,0,0,0,0,0,0,0
23,1397.75,0,0,0,0,0,0,0,1,0,0,0,0,0,0,0,0,0,0,0,0
24,1398.0,0,0,0,0,0,0,0,1,0,0,0,1,0,0,0,0,0,0,0,0
25,1400.0,0,0,0,0,0,0,0,1,0,0,0,0,0,0,0,0,0,0,0,0
26,1400.25,0,0,0,0,0,0,0,1,0,0,0,1,0,0,0,0,0,0,0,0
27,1403.75,0,0,0,0,0,0,0,1,0,0,0,0,0,0,0,0,0,0,0,0
28,1426.5,0,0,0,0,0,0,0,0,0,0,0,0,0,0,0,0,0,0,0,0
29,1837.75,0,0,0,0,0,0,0,0,0,0,0,1,0,0,0,0,0,0,0,0
30,1842.25,0,0,0,0,0,0,0,0,0,0,0,0,0,0,0,0,0,0,0,0
31,1842.5,0,0,0,0,0,0,0,0,0,0,0,1,0,0,0,0,0,0,0,0
32,1843.0,0,0,0,0,0,0,0,1,0,0,0,1,0,0,0,0,0,0,0,0
33,1844.5,0,0,0,0,0,0,0,1,0,0,0,0,0,0,0,0,0,0,0,0
34,1844.75,0,0,0,0,0,0,0,1,0,0,0,1,0,0,0,0,0,0,0,0
35,1861.5,0,0,0,0,0,0,0,1,0,0,0,0,0,0,0,0,0,0,0,0
36,1861.75,0,0,0,0,0,0,0,1,0,0,0,1,0,0,0,0,0,0,0,0
37,1863.75,0,0,0,0,0,0,0,1,0,0,0,0,0,0,0,0,0,0,0,0
38,1864.0,0,0,0,0,0,0,0,1,0,0,0,1,0,0,0,0,0,0,0,0
39,1876.25,0,0,0,0,0,0,0,1,0,0,0,0,0,0,0,0,0,0,0,0
40,1876.5,0,0,0,0,0,0,0,1,0,0,0,1,0,0,0,0,0,0,0,0
41,1878.5,0,0,0,0,0,0,0,1,0,0,0,0,0,0,0,0,0,0,0,0
42,1878.75,0,0,0,0,0,0,0,1,0,0,0,1,0,0,0,0,0,0,0,0
43,1891.0,0,0,0,0,0,0,0,1,0,0,0,0,0,0,0,0,0,0,0,0
44,1891.25,0,0,0,0,0,0,0,1,0,0,0,1,0,0,0,0,0,0,0,0
45,1893.25,0,0,0,0,0,0,0,1,0,0,0,0,0,0,0,0,0,0,0,0
46,1893.5,0,0,0,0,0,0,0,1,0,0,0,1,0,0,0,0,0,0,0,0
47,1895.5,0,0,0,0,0,0,0,1,0,0,0,0,0,0,0,0,0,0,0,0
48,1895.75,0,0,0,0,0,0,0,1,0,0,0,1,0,0,0,0,0,0,0,0
49,1908.0,0,0,0,0,0,0,0,1,0,0,0,0,0,0,0,0,0,0,0,0
50,1908.25,0,0,0,0,0,0,0,1,0,0,0,1,0,0,0,0,0,0,0,0
51,1925.0,0,0,0,0,0,0,0,1,0,0,0,0,0,0,0,0,0,0,0,0
52,1925.25,0,0,0,0,0,0,0,1,0,0,0,1,0,0,0,0,0,0,0,0
53,1927.25,0,0,0,0,0,0,0,1,0,0,0,0,0,0,0,0,0,0,0,0
54,1927.5,0,0,0,0,0,0,0,1,0,0,0,1,0,0,0,0,0,0,0,0
55,1937.75,0,0,0,0,0,0,0,1,0,0,0,0,0,0,0,0,0,0,0,0
56,1960.75,0,0,0,0,0,0,0,0,0,0,0,0,0,0,0,0,0,0,0,0
57,2310.0,0,0,0,0,0,0,0,1,0,0,0,0,0,0,0,0,0,0,0,0
58,2313.75,0,0,0,0,0,0,0,1,0,0,0,1,0,0,0,0,0,0,0,0
59,2318.25,0,0,0,0,0,0,0,1,0,0,0,0,0,0,0,0,0,0,0,0
60,2318.5,0,0,0,0,0,0,0,1,0,0,0,1,0,0,0,0,0,0,0,0
61,2335.25,0,0,0,0,0,0,0,1,0,0,0,0,0,0,0,0,0,0,0,0
62,2335.5,0,0,0,0,0,0,0,1,0,0,0,1,0,0,0,0,0,0,0,0
63,2337.5,0,0,0,0,0,0,0,1,0,0,0,0,0,0,0,0,0,0,0,0
64,2337.75,0,0,0,0,0,0,0,1,0,0,0,1,0,0,0,0,0,0,0,0
65,2350.0,0,0,0,0,0,0,0,1,0,0,0,0,0,0,0,0,0,0,0,0
66,2350.25,0,0,0,0,0,0,0,1,0,0,0,1,0,0,0,0,0,0,0,0
67,2367.0,0,0,0,0,0,0,0,1,0,0,0,0,0,0,0,0,0,0,0,0
68,2367.25,0,0,0,0,0,0,0,1,0,0,0,1,0,0,0,0,0,0,0,0
69,2369.25,0,0,0,0,0,0,0,1,0,0,0,0,0,0,0,0,0,0,0,0
70,2369.5,0,0,0,0,0,0,0,1,0,0,0,1,0,0,0,0,0,0,0,0
71,2381.75,0,0,0,0,0,0,0,1,0,0,0,0,0,0,0,0,0,0,0,0
72,2382.0,0,0,0,0,0,0,0,1,0,0,0,1,0,0,0,0,0,0,0,0
73,2398.75,0,0,0,0,0,0,0,1,0,0,0,0,0,0,0,0,0,0,0,0
74,2399.0,0,0,0,0,0,0,0,1,0,0,0,1,0,0,0,0,0,0,0,0
75,2401.0,0,0,0,0,0,0,0,1,0,0,0,0,0,0,0,0,0,0,0,0
76,2401.25,0,0,0,0,0,0,0,1,0,0,0,1,0,0,0,0,0,0,0,0
77,2414.0,0,0,0,0,0,0,0,1,0,0,0,0,0,0,0,0,0,0,0,0
78,2429.5,0,0,0,0,0,0,0,0,0,0,0,0,0,0,0,0,0,0,0,0
79,2801.5,0,0,0,0,0,0,0,0,0,0,0,1,0,0,0,0,0,0,0,0
80,2807.0,0,0,0,0,0,0,0,0,0,0,0,0,0,0,0,0,0,0,0,0
81,2807.25,0,0,0,0,0,0,0,0,0,0,0,1,0,0,0,0,0,0,0,0
82,2809.25,0,0,0,0,0,0,0,0,0,0,0,0,0,0,0,0,0,0,0,0
83,2809.5,0,0,0,0,0,0,0,0,0,0,0,1,0,0,0,0,0,0,0,0
84,2810.75,0,0,0,0,0,0,0,1,0,0,0,1,0,0,0,0,0,0,0,0
85,2821.75,0,0,0,0,0,0,0,1,0,0,0,0,0,0,0,0,0,0,0,0
86,2822.0,0,0,0,0,0,0,0,1,0,0,0,1,0,0,0,0,0,0,0,0
87,2824.0,0,0,0,0,0,0,0,1,0,0,0,0,0,0,0,0,0,0,0,0
88,2824.25,0,0,0,0,0,0,0,1,0,0,0,1,0,0,0,0,0,0,0,0
89,2838.75,0,0,0,0,0,0,0,1,0,0,0,0,0,0,0,0,0,0,0,0
90,2839.0,0,0,0,0,0,0,0,1,0,0,0,1,0,0,0,0,0,0,0,0
91,2841.0,0,0,0,0,0,0,0,1,0,0,0,0,0,0,0,0,0,0,0,0
92,2841.25,0,0,0,0,0,0,0,1,0,0,0,1,0,0,0,0,0,0,0,0
93,2853.5,0,0,0,0,0,0,0,1,0,0,0,0,0,0,0,0,0,0,0,0
94,2853.75,0,0,0,0,0,0,0,1,0,0,0,1,0,0,0,0,0,0,0,0
95,2855.75,0,0,0,0,0,0,0,1,0,0,0,0,0,0,0,0,0,0,0,0
96,2856.0,0,0,0,0,0,0,0,1,0,0,0,1,0,0,0,0,0,0,0,0
97,2872.75,0,0,0,0,0,0,0,1,0,0,0,0,0,0,0,0,0,0,0,0
98,2873.0,0,0,0,0,0,0,0,1,0,0,0,1,0,0,0,0,0,0,0,0
99,2875.0,0,0,0,0,0,0,0,1,0,0,0,0,0,0,0,0,0,0,0,0
100,2875.25,0,0,0,0,0,0,0,1,0,0,0,1,0,0,0,0,0,0,0,0
101,2887.5,0,0,0,0,0,0,0,1,0,0,0,0,0,0,0,0,0,0,0,0
102,2887.75,0,0,0,0,0,0,0,1,0,0,0,1,0,0,0,0,0,0,0,0
103,2901.5,0,0,0,0,0,0,0,1,0,0,0,0,0,0,0,0,0,0,0,0
104,2930.0,0,0,0,0,0,0,0,0,0,0,0,0,0,0,0,0,0,0,0,0
105,3310.5,0,0,0,0,0,0,0,1,0,0,0,0,0,0,0,0,0,0,0,0
106,3312.25,0,0,0,0,0,0,0,1,0,0,0,1,0,0,0,0,0,0,0,0
107,3321.25,0,0,0,0,0,0,0,1,0,0,0,0,0,0,0,0,0,0,0,0
108,3321.5,0,0,0,0,0,0,0,1,0,0,0,1,0,0,0,0,0,0,0,0
109,3323.5,0,0,0,0,0,0,0,1,0,0,0,0,0,0,0,0,0,0,0,0
110,3323.75,0,0,0,0,0,0,0,1,0,0,0,1,0,0,0,0,0,0,0,0
111,3338.25,0,0,0,0,0,0,0,1,0,0,0,0,0,0,0,0,0,0,0,0
112,3338.5,0,0,0,0,0,0,0,1,0,0,0,1,0,0,0,0,0,0,0,0
113,3340.5,0,0,0,0,0,0,0,1,0,0,0,0,0,0,0,0,0,0,0,0
114,3340.75,0,0,0,0,0,0,0,1,0,0,0,1,0,0,0,0,0,0,0,0
115,3353.0,0,0,0,0,0,0,0,1,0,0,0,0,0,0,0,0,0,0,0,0
116,3353.25,0,0,0,0,0,0,0,1,0,0,0,1,0,0,0,0,0,0,0,0
117,3355.25,0,0,0,0,0,0,0,1,0,0,0,0,0,0,0,0,0,0,0,0
118,3355.5,0,0,0,0,0,0,0,1,0,0,0,1,0,0,0,0,0,0,0,0
119,3370.0,0,0,0,0,0,0,0,1,0,0,0,0,0,0,0,0,0,0,0,0
120,3370.25,0,0,0,0,0,0,0,1,0,0,0,1,0,0,0,0,0,0,0,0
121,3372.25,0,0,0,0,0,0,0,1,0,0,0,0,0,0,0,0,0,0,0,0
122,3372.5,0,0,0,0,0,0,0,1,0,0,0,1,0,0,0,0,0,0,0,0
123,3374.5,0,0,0,0,0,0,0,1,0,0,0,0,0,0,0,0,0,0,0,0
124,3374.75,0,0,0,0,0,0,0,1,0,0,0,1,0,0,0,0,0,0,0,0
125,3387.0,0,0,0,0,0,0,0,1,0,0,0,0,0,0,0,0,0,0,0,0
126,3387.25,0,0,0,0,0,0,0,1,0,0,0,1,0,0,0,0,0,0,0,0
127,3401.75,0,0,0,0,0,0,0,1,0,0,0,0,0,0,0,0,0,0,0,0
128,3402.0,0,0,0,0,0,0,0,1,0,0,0,1,0,0,0,0,0,0,0,0
129,3404.0,0,0,0,0,0,0,0,1,0,0,0,0,0,0,0,0,0,0,0,0
130,3404.25,0,0,0,0,0,0,0,1,0,0,0,1,0,0,0,0,0,0,0,0
131,3406.25,0,0,0,0,0,0,0,1,0,0,0,0,0,0,0,0,0,0,0,0
132,3406.5,0,0,0,0,0,0,0,1,0,0,0,1,0,0,0,0,0,0,0,0
133,3412.25,0,0,0,0,0,0,0,1,0,0,0,0,0,0,0,0,0,0,0,0
134,3431.5,0,0,0,0,0,0,0,0,0,0,0,0,0,0,0,0,0,0,0,0
135,3809.75,0,0,0,0,0,0,0,1,0,0,0,0,0,0,0,0,0,0,0,0
136,3811.5,0,0,0,0,0,0,0,1,0,0,0,1,0,0,0,0,0,0,0,0
137,3812.5,0,0,0,0,0,0,0,1,0,0,0,0,0,0,0,0,0,0,0,0
138,3812.75,0,0,0,0,0,0,0,1,0,0,0,1,0,0,0,0,0,0,0,0
139,3839.75,0,0,0,0,0,0,0,1,0,0,0,0,0,0,0,0,0,0,0,0
140,3840.0,0,0,0,0,0,0,0,1,0,0,0,1,0,0,0,0,0,0,0,0
141,3842.0,0,0,0,0,0,0,0,1,0,0,0,0,0,0,0,0,0,0,0,0
142,3842.25,0,0,0,0,0,0,0,1,0,0,0,1,0,0,0,0,0,0,0,0
143,3856.75,0,0,0,0,0,0,0,1,0,0,0,0,0,0,0,0,0,0,0,0
144,3857.0,0,0,0,0,0,0,0,1,0,0,0,1,0,0,0,0,0,0,0,0
145,3873.75,0,0,0,0,0,0,0,1,0,0,0,0,0,0,0,0,0,0,0,0
146,3874.0,0,0,0,0,0,0,0,1,0,0,0,1,0,0,0,0,0,0,0,0
147,3876.0,0,0,0,0,0,0,0,1,0,0,0,0,0,0,0,0,0,0,0,0
148,3876.25,0,0,0,0,0,0,0,1,0,0,0,1,0,0,0,0,0,0,0,0
149,3888.5,0,0,0,0,0,0,0,1,0,0,0,0,0,0,0,0,0,0,0,0
150,3888.75,0,0,0,0,0,0,0,1,0,0,0,1,0,0,0,0,0,0,0,0
151,3905.5,0,0,0,0,0,0,0,1,0,0,0,0,0,0,0,0,0,0,0,0
152,3905.75,0,0,0,0,0,0,0,1,0,0,0,1,0,0,0,0,0,0,0,0
153,3907.75,0,0,0,0,0,0,0,1,0,0,0,0,0,0,0,0,0,0,0,0
154,3908.0,0,0,0,0,0,0,0,1,0,0,0,1,0,0,0,0,0,0,0,0
155,3911.5,0,0,0,0,0,0,0,1,0,0,0,0,0,0,0,0,0,0,0,0
156,3929.25,0,0,0,0,0,0,0,0,0,0,0,0,0,0,0,0,0,0,0,0
157,4299.25,0,0,0,0,0,0,0,0,0,0,0,1,0,0,0,0,0,0,0,0
158,4310.5,0,0,0,0,0,0,0,1,0,0,0,1,0,0,0,0,0,0,0,0
159,4313.75,0,0,0,0,0,0,0,1,0,0,0,0,0,0,0,0,0,0,0,0
160,4314.0,0,0,0,0,0,0,0,1,0,0,0,1,0,0,0,0,0,0,0,0
161,4316.0,0,0,0,0,0,0,0,1,0,0,0,0,0,0,0,0,0,0,0,0
162,4316.25,0,0,0,0,0,0,0,1,0,0,0,1,0,0,0,0,0,0,0,0
163,4328.5,0,0,0,0,0,0,0,1,0,0,0,0,0,0,0,0,0,0,0,0
164,4328.75,0,0,0,0,0,0,0,1,0,0,0,1,0,0,0,0,0,0,0,0
165,4330.75,0,0,0,0,0,0,0,1,0,0,0,0,0,0,0,0,0,0,0,0
166,4331.0,0,0,0,0,0,0,0,1,0,0,0,1,0,0,0,0,0,0,0,0
167,4345.5,0,0,0,0,0,0,0,1,0,0,0,0,0,0,0,0,0,0,0,0
168,4345.75,0,0,0,0,0,0,0,1,0,0,0,1,0,0,0,0,0,0,0,0
169,4347.75,0,0,0,0,0,0,0,1,0,0,0,0,0,0,0,0,0,0,0,0
170,4348.0,0,0,0,0,0,0,0,1,0,0,0,1,0,0,0,0,0,0,0,0
171,4360.25,0,0,0,0,0,0,0,1,0,0,0,0,0,0,0,0,0,0,0,0
172,4360.5,0,0,0,0,0,0,0,1,0,0,0,1,0,0,0,0,0,0,0,0
173,4377.25,0,0,0,0,0,0,0,1,0,0,0,0,0,0,0,0,0,0,0,0
174,4377.5,0,0,0,0,0,0,0,1,0,0,0,1,0,0,0,0,0,0,0,0
175,4379.5,0,0,0,0,0,0,0,1,0,0,0,0,0,0,0,0,0,0,0,0
176,4379.75,0,0,0,0,0,0,0,1,0,0,0,1,0,0,0,0,0,0,0,0
177,4392.0,0,0,0,0,0,0,0,1,0,0,0,0,0,0,0,0,0,0,0,0
178,4392.25,0,0,0,0,0,0,0,1,0,0,0,1,0,0,0,0,0,0,0,0
179,4399.25,0,0,0,0,0,0,0,1,0,0,0,0,0,0,0,0,0,0,0,0
180,4433.0,0,0,0,0,0,0,0,0,0,0,0,0,0,0,0,0,0,0,0,0
181,4809.75,0,0,0,0,0,0,0,1,0,0,0,0,0,0,0,0,0,0,0,0
182,4810.0,0,0,0,0,0,0,0,1,0,0,0,1,0,0,0,0,0,0,0,0
183,4813.25,0,0,0,0,0,0,0,1,0,0,0,0,0,0,0,0,0,0,0,0
184,4813.5,0,0,0,0,0,0,0,1,0,0,0,1,0,0,0,0,0,0,0,0
185,4815.5,0,0,0,0,0,0,0,1,0,0,0,0,0,0,0,0,0,0,0,0
186,4815.75,0,0,0,0,0,0,0,1,0,0,0,1,0,0,0,0,0,0,0,0
187,4828.0,0,0,0,0,0,0,0,1,0,0,0,0,0,0,0,0,0,0,0,0
188,4828.25,0,0,0,0,0,0,0,1,0,0,0,1,0,0,0,0,0,0,0,0
189,4845.0,0,0,0,0,0,0,0,1,0,0,0,0,0,0,0,0,0,0,0,0
190,4845.25,0,0,0,0,0,0,0,1,0,0,0,1,0,0,0,0,0,0,0,0
191,4847.25,0,0,0,0,0,0,0,1,0,0,0,0,0,0,0,0,0,0,0,0
192,4847.5,0,0,0,0,0,0,0,1,0,0,0,1,0,0,0,0,0,0,0,0
193,4859.75,0,0,0,0,0,0,0,1,0,0,0,0,0,0,0,0,0,0,0,0
194,4860.0,0,0,0,0,0,0,0,1,0,0,0,1,0,0,0,0,0,0,0,0
195,4876.75,0,0,0,0,0,0,0,1,0,0,0,0,0,0,0,0,0,0,0,0
196,4877.0,0,0,0,0,0,0,0,1,0,0,0,1,0,0,0,0,0,0,0,0
197,4879.0,0,0,0,0,0,0,0,1,0,0,0,0,0,0,0,0,0,0,0,0
198,4879.25,0,0,0,0,0,0,0,1,0,0,0,1,0,0,0,0,0,0,0,0
199,4891.5,0,0,0,0,0,0,0,1,0,0,0,0,0,0,0,0,0,0,0,0
200,4891.75,0,0,0,0,0,0,0,1,0,0,0,1,0,0,0,0,0,0,0,0
201,4908.5,0,0,0,0,0,0,0,1,0,0,0,0,0,0,0,0,0,0,0,0
202,4908.75,0,0,0,0,0,0,0,1,0,0,0,1,0,0,0,0,0,0,0,0
203,4910.0,0,0,0,0,0,0,0,1,0,0,0,0,0,0,0,0,0,0,0,0
204,4929.75,0,0,0,0,0,0,0,0,0,0,0,0,0,0,0,0,0,0,0,0
205,5309.25,0,0,0,0,0,0,0,0,0,0,0,1,0,0,0,0,0,0,0,0
206,5310.75,0,0,0,0,0,0,0,1,0,0,0,1,0,0,0,0,0,0,0,0
207,5314.75,0,0,0,0,0,0,0,1,0,0,0,0,0,0,0,0,0,0,0,0
208,5315.0,0,0,0,0,0,0,0,1,0,0,0,1,0,0,0,0,0,0,0,0
209,5317.0,0,0,0,0,0,0,0,1,0,0,0,0,0,0,0,0,0,0,0,0
210,5317.25,0,0,0,0,0,0,0,1,0,0,0,1,0,0,0,0,0,0,0,0
211,5329.5,0,0,0,0,0,0,0,1,0,0,0,0,0,0,0,0,0,0,0,0
212,5329.75,0,0,0,0,0,0,0,1,0,0,0,1,0,0,0,0,0,0,0,0
213,5331.75,0,0,0,0,0,0,0,1,0,0,0,0,0,0,0,0,0,0,0,0
214,5332.0,0,0,0,0,0,0,0,1,0,0,0,1,0,0,0,0,0,0,0,0
215,5346.5,0,0,0,0,0,0,0,1,0,0,0,0,0,0,0,0,0,0,0,0
216,5346.75,0,0,0,0,0,0,0,1,0,0,0,1,0,0,0,0,0,0,0,0
217,5348.75,0,0,0,0,0,0,0,1,0,0,0,0,0,0,0,0,0,0,0,0
218,5349.0,0,0,0,0,0,0,0,1,0,0,0,1,0,0,0,0,0,0,0,0
219,5361.25,0,0,0,0,0,0,0,1,0,0,0,0,0,0,0,0,0,0,0,0
220,5361.5,0,0,0,0,0,0,0,1,0,0,0,1,0,0,0,0,0,0,0,0
221,5378.25,0,0,0,0,0,0,0,1,0,0,0,0,0,0,0,0,0,0,0,0
222,5378.5,0,0,0,0,0,0,0,1,0,0,0,1,0,0,0,0,0,0,0,0
223,5380.5,0,0,0,0,0,0,0,1,0,0,0,0,0,0,0,0,0,0,0,0
224,5380.75,0,0,0,0,0,0,0,1,0,0,0,1,0,0,0,0,0,0,0,0
225,5393.0,0,0,0,0,0,0,0,1,0,0,0,0,0,0,0,0,0,0,0,0
226,5393.25,0,0,0,0,0,0,0,1,0,0,0,1,0,0,0,0,0,0,0,0
227,5409.25,0,0,0,0,0,0,0,1,0,0,0,0,0,0,0,0,0,0,0,0
228,5432.0,0,0,0,0,0,0,0,0,0,0,0,0,0,0,0,0,0,0,0,0
229,5808.5,0,0,0,0,0,0,0,0,0,0,0,1,0,0,0,0,0,0,0,0
230,5811.25,0,0,0,0,0,0,0,1,0,0,0,1,0,0,0,0,0,0,0,0
231,5816.25,0,0,0,0,0,0,0,1,0,0,0,0,0,0,0,0,0,0,0,0
232,5816.5,0,0,0,0,0,0,0,1,0,0,0,1,0,0,0,0,0,0,0,0
233,5818.5,0,0,0,0,0,0,0,1,0,0,0,0,0,0,0,0,0,0,0,0
234,5818.75,0,0,0,0,0,0,0,1,0,0,0,1,0,0,0,0,0,0,0,0
235,5831.0,0,0,0,0,0,0,0,1,0,0,0,0,0,0,0,0,0,0,0,0
236,5831.25,0,0,0,0,0,0,0,1,0,0,0,1,0,0,0,0,0,0,0,0
237,5848.0,0,0,0,0,0,0,0,1,0,0,0,0,0,0,0,0,0,0,0,0
238,5848.25,0,0,0,0,0,0,0,1,0,0,0,1,0,0,0,0,0,0,0,0
239,5850.25,0,0,0,0,0,0,0,1,0,0,0,0,0,0,0,0,0,0,0,0
240,5850.5,0,0,0,0,0,0,0,1,0,0,0,1,0,0,0,0,0,0,0,0
241,5862.75,0,0,0,0,0,0,0,1,0,0,0,0,0,0,0,0,0,0,0,0
242,5863.0,0,0,0,0,0,0,0,1,0,0,0,1,0,0,0,0,0,0,0,0
243,5865.0,0,0,0,0,0,0,0,1,0,0,0,0,0,0,0,0,0,0,0,0
244,5865.25,0,0,0,0,0,0,0,1,0,0,0,1,0,0,0,0,0,0,0,0
245,5879.75,0,0,0,0,0,0,0,1,0,0,0,0,0,0,0,0,0,0,0,0
246,5880.0,0,0,0,0,0,0,0,1,0,0,0,1,0,0,0,0,0,0,0,0
247,5882.0,0,0,0,0,0,0,0,1,0,0,0,0,0,0,0,0,0,0,0,0
248,5882.25,0,0,0,0,0,0,0,1,0,0,0,1,0,0,0,0,0,0,0,0
249,5884.25,0,0,0,0,0,0,0,1,0,0,0,0,0,0,0,0,0,0,0,0
250,5884.5,0,0,0,0,0,0,0,1,0,0,0,1,0,0,0,0,0,0,0,0
251,5896.75,0,0,0,0,0,0,0,1,0,0,0,0,0,0,0,0,0,0,0,0
252,5897.0,0,0,0,0,0,0,0,1,0,0,0,1,0,0,0,0,0,0,0,0
253,5908.5,0,0,0,0,0,0,0,1,0,0,0,0,0,0,0,0,0,0,0,0
254,5935.5,0,0,0,0,0,0,0,0,0,0,0,0,0,0,0,0,0,0,0,0
255,6307.75,0,0,0,0,0,0,0,0,0,0,0,1,0,0,0,0,0,0,0,0
256,6311.5,0,0,0,0,0,0,0,1,0,0,0,1,0,0,0,0,0,0,0,0
257,6317.75,0,0,0,0,0,0,0,1,0,0,0,0,0,0,0,0,0,0,0,0
258,6318.0,0,0,0,0,0,0,0,1,0,0,0,1,0,0,0,0,0,0,0,0
259,6320.0,0,0,0,0,0,0,0,1,0,0,0,0,0,0,0,0,0,0,0,0
260,6320.25,0,0,0,0,0,0,0,1,0,0,0,1,0,0,0,0,0,0,0,0
261,6332.5,0,0,0,0,0,0,0,1,0,0,0,0,0,0,0,0,0,0,0,0
262,6332.75,0,0,0,0,0,0,0,1,0,0,0,1,0,0,0,0,0,0,0,0
263,6349.5,0,0,0,0,0,0,0,1,0,0,0,0,0,0,0,0,0,0,0,0
264,6349.75,0,0,0,0,0,0,0,1,0,0,0,1,0,0,0,0,0,0,0,0
265,6351.75,0,0,0,0,0,0,0,1,0,0,0,0,0,0,0,0,0,0,0,0
266,6352.0,0,0,0,0,0,0,0,1,0,0,0,1,0,0,0,0,0,0,0,0
267,6364.25,0,0,0,0,0,0,0,1,0,0,0,0,0,0,0,0,0,0,0,0
268,6364.5,0,0,0,0,0,0,0,1,0,0,0,1,0,0,0,0,0,0,0,0
269,6366.5,0,0,0,0,0,0,0,1,0,0,0,0,0,0,0,0,0,0,0,0
270,6366.75,0,0,0,0,0,0,0,1,0,0,0,1,0,0,0,0,0,0,0,0
271,6381.25,0,0,0,0,0,0,0,1,0,0,0,0,0,0,0,0,0,0,0,0
272,6381.5,0,0,0,0,0,0,0,1,0,0,0,1,0,0,0,0,0,0,0,0
273,6383.5,0,0,0,0,0,0,0,1,0,0,0,0,0,0,0,0,0,0,0,0
274,6383.75,0,0,0,0,0,0,0,1,0,0,0,1,0,0,0,0,0,0,0,0
275,6385.75,0,0,0,0,0,0,0,1,0,0,0,0,0,0,0,0,0,0,0,0
276,6386.0,0,0,0,0,0,0,0,1,0,0,0,1,0,0,0,0,0,0,0,0
277,6398.25,0,0,0,0,0,0,0,1,0,0,0,0,0,0,0,0,0,0,0,0
278,6398.5,0,0,0,0,0,0,0,1,0,0,0,1,0,0,0,0,0,0,0,0
279,6407.75,0,0,0,0,0,0,0,1,0,0,0,0,0,0,0,0,0,0,0,0
280,6434.75,0,0,0,0,0,0,0,0,0,0,0,0,0,0,0,0,0,0,0,0
281,6807.0,0,0,0,0,0,0,0,0,0,0,0,1,0,0,0,0,0,0,0,0
282,6810.75,0,0,0,0,0,0,0,1,0,0,0,1,0,0,0,0,0,0,0,0
283,6819.25,0,0,0,0,0,0,0,1,0,0,0,0,0,0,0,0,0,0,0,0
284,6819.5,0,0,0,0,0,0,0,1,0,0,0,1,0,0,0,0,0,0,0,0
285,6821.5,0,0,0,0,0,0,0,1,0,0,0,0,0,0,0,0,0,0,0,0
286,6821.75,0,0,0,0,0,0,0,1,0,0,0,1,0,0,0,0,0,0,0,0
287,6836.25,0,0,0,0,0,0,0,1,0,0,0,0,0,0,0,0,0,0,0,0
288,6836.5,0,0,0,0,0,0,0,1,0,0,0,1,0,0,0,0,0,0,0,0
289,6851.0,0,0,0,0,0,0,0,1,0,0,0,0,0,0,0,0,0,0,0,0
290,6851.25,0,0,0,0,0,0,0,1,0,0,0,1,0,0,0,0,0,0,0,0
291,6853.25,0,0,0,0,0,0,0,1,0,0,0,0,0,0,0,0,0,0,0,0
292,6853.5,0,0,0,0,0,0,0,1,0,0,0,1,0,0,0,0,0,0,0,0
293,6865.75,0,0,0,0,0,0,0,1,0,0,0,0,0,0,0,0,0,0,0,0
294,6866.0,0,0,0,0,0,0,0,1,0,0,0,1,0,0,0,0,0,0,0,0
295,6868.0,0,0,0,0,0,0,0,1,0,0,0,0,0,0,0,0,0,0,0,0
296,6868.25,0,0,0,0,0,0,0,1,0,0,0,1,0,0,0,0,0,0,0,0
297,6885.0,0,0,0,0,0,0,0,1,0,0,0,0,0,0,0,0,0,0,0,0
298,6885.25,0,0,0,0,0,0,0,1,0,0,0,1,0,0,0,0,0,0,0,0
299,6887.25,0,0,0,0,0,0,0,1,0,0,0,0,0,0,0,0,0,0,0,0
300,6887.5,0,0,0,0,0,0,0,1,0,0,0,1,0,0,0,0,0,0,0,0
301,6899.75,0,0,0,0,0,0,0,1,0,0,0,0,0,0,0,0,0,0,0,0
302,6900.0,0,0,0,0,0,0,0,1,0,0,0,1,0,0,0,0,0,0,0,0
303,6907.0,0,0,0,0,0,0,0,1,0,0,0,0,0,0,0,0,0,0,0,0
304,6953.75,0,0,0,0,0,0,0,0,0,0,0,0,0,0,0,0,0,0,0,0
305,7306.25,0,0,0,0,0,0,0,0,0,0,0,1,0,0,0,0,0,0,0,0
306,7309.5,0,0,0,0,0,0,0,1,0,0,0,1,0,0,0,0,0,0,0,0
307,7320.75,0,0,0,0,0,0,0,1,0,0,0,0,0,0,0,0,0,0,0,0
308,7321.0,0,0,0,0,0,0,0,1,0,0,0,1,0,0,0,0,0,0,0,0
309,7323.0,0,0,0,0,0,0,0,1,0,0,0,0,0,0,0,0,0,0,0,0
310,7323.25,0,0,0,0,0,0,0,1,0,0,0,1,0,0,0,0,0,0,0,0
311,7337.75,0,0,0,0,0,0,0,1,0,0,0,0,0,0,0,0,0,0,0,0
312,7338.0,0,0,0,0,0,0,0,1,0,0,0,1,0,0,0,0,0,0,0,0
313,7354.75,0,0,0,0,0,0,0,1,0,0,0,0,0,0,0,0,0,0,0,0
314,7355.0,0,0,0,0,0,0,0,1,0,0,0,1,0,0,0,0,0,0,0,0
315,7357.0,0,0,0,0,0,0,0,1,0,0,0,0,0,0,0,0,0,0,0,0
316,7357.25,0,0,0,0,0,0,0,1,0,0,0,1,0,0,0,0,0,0,0,0
317,7369.5,0,0,0,0,0,0,0,1,0,0,0,0,0,0,0,0,0,0,0,0
318,7369.75,0,0,0,0,0,0,0,1,0,0,0,1,0,0,0,0,0,0,0,0
319,7386.5,0,0,0,0,0,0,0,1,0,0,0,0,0,0,0,0,0,0,0,0
320,7386.75,0,0,0,0,0,0,0,1,0,0,0,1,0,0,0,0,0,0,0,0
321,7388.75,0,0,0,0,0,0,0,1,0,0,0,0,0,0,0,0,0,0,0,0
322,7389.0,0,0,0,0,0,0,0,1,0,0,0,1,0,0,0,0,0,0,0,0
323,7401.25,0,0,0,0,0,0,0,1,0,0,0,0,0,0,0,0,0,0,0,0
324,7401.5,0,0,0,0,0,0,0,1,0,0,0,1,0,0,0,0,0,0,0,0
325,7406.25,0,0,0,0,0,0,0,1,0,0,0,0,0,0,0,0,0,0,0,0
326,7432.75,0,0,0,0,0,0,0,0,0,0,0,0,0,0,0,0,0,0,0,0
327,7805.5,0,0,0,0,0,0,0,0,0,0,0,1,0,0,0,0,0,0,0,0
328,7809.0,0,0,0,0,0,0,0,1,0,0,0,1,0,0,0,0,0,0,0,0
329,7822.25,0,0,0,0,0,0,0,1,0,0,0,0,0,0,0,0,0,0,0,0
330,7822.5,0,0,0,0,0,0,0,1,0,0,0,1,0,0,0,0,0,0,0,0
331,7824.5,0,0,0,0,0,0,0,1,0,0,0,0,0,0,0,0,0,0,0,0
332,7824.75,0,0,0,0,0,0,0,1,0,0,0,1,0,0,0,0,0,0,0,0
333,7839.25,0,0,0,0,0,0,0,1,0,0,0,0,0,0,0,0,0,0,0,0
334,7839.5,0,0,0,0,0,0,0,1,0,0,0,1,0,0,0,0,0,0,0,0
335,7856.25,0,0,0,0,0,0,0,1,0,0,0,0,0,0,0,0,0,0,0,0
336,7856.5,0,0,0,0,0,0,0,1,0,0,0,1,0,0,0,0,0,0,0,0
337,7858.5,0,0,0,0,0,0,0,1,0,0,0,0,0,0,0,0,0,0,0,0
338,7858.75,0,0,0,0,0,0,0,1,0,0,0,1,0,0,0,0,0,0,0,0
339,7871.0,0,0,0,0,0,0,0,1,0,0,0,0,0,0,0,0,0,0,0,0
340,7871.25,0,0,0,0,0,0,0,1,0,0,0,1,0,0,0,0,0,0,0,0
341,7873.25,0,0,0,0,0,0,0,1,0,0,0,0,0,0,0,0,0,0,0,0
342,7873.5,0,0,0,0,0,0,0,1,0,0,0,1,0,0,0,0,0,0,0,0
343,7888.0,0,0,0,0,0,0,0,1,0,0,0,0,0,0,0,0,0,0,0,0
344,7888.25,0,0,0,0,0,0,0,1,0,0,0,1,0,0,0,0,0,0,0,0
345,7890.25,0,0,0,0,0,0,0,1,0,0,0,0,0,0,0,0,0,0,0,0
346,7890.5,0,0,0,0,0,0,0,1,0,0,0,1,0,0,0,0,0,0,0,0
347,7902.75,0,0,0,0,0,0,0,1,0,0,0,0,0,0,0,0,0,0,0,0
348,7903.0,0,0,0,0,0,0,0,1,0,0,0,1,0,0,0,0,0,0,0,0
349,7905.0,0,0,0,0,0,0,0,1,0,0,0,0,0,0,0,0,0,0,0,0
350,7905.25,0,0,0,0,0,0,0,1,0,0,0,1,0,0,0,0,0,0,0,0
351,7905.5,0,0,0,0,0,0,0,1,0,0,0,0,0,0,0,0,0,0,0,0
352,7934.0,0,0,0,0,0,0,0,0,0,0,0,0,0,0,0,0,0,0,0,0
353,8310.0,0,0,0,0,0,0,0,1,0,0,0,0,0,0,0,0,0,0,0,0
354,8316.25,0,0,0,0,0,0,0,1,0,0,0,1,0,0,0,0,0,0,0,0
355,8324.0,0,0,0,0,0,0,0,1,0,0,0,0,0,0,0,0,0,0,0,0
356,8324.25,0,0,0,0,0,0,0,1,0,0,0,1,0,0,0,0,0,0,0,0
357,8338.75,0,0,0,0,0,0,0,1,0,0,0,0,0,0,0,0,0,0,0,0
358,8339.0,0,0,0,0,0,0,0,1,0,0,0,1,0,0,0,0,0,0,0,0
359,8355.75,0,0,0,0,0,0,0,1,0,0,0,0,0,0,0,0,0,0,0,0
360,8356.0,0,0,0,0,0,0,0,1,0,0,0,1,0,0,0,0,0,0,0,0
361,8358.0,0,0,0,0,0,0,0,1,0,0,0,0,0,0,0,0,0,0,0,0
362,8358.25,0,0,0,0,0,0,0,1,0,0,0,1,0,0,0,0,0,0,0,0
363,8370.5,0,0,0,0,0,0,0,1,0,0,0,0,0,0,0,0,0,0,0,0
364,8370.75,0,0,0,0,0,0,0,1,0,0,0,1,0,0,0,0,0,0,0,0
365,8387.5,0,0,0,0,0,0,0,1,0,0,0,0,0,0,0,0,0,0,0,0
366,8387.75,0,0,0,0,0,0,0,1,0,0,0,1,0,0,0,0,0,0,0,0
367,8389.75,0,0,0,0,0,0,0,1,0,0,0,0,0,0,0,0,0,0,0,0
368,8390.0,0,0,0,0,0,0,0,1,0,0,0,1,0,0,0,0,0,0,0,0
369,8402.25,0,0,0,0,0,0,0,1,0,0,0,0,0,0,0,0,0,0,0,0
370,8402.5,0,0,0,0,0,0,0,1,0,0,0,1,0,0,0,0,0,0,0,0
371,8404.5,0,0,0,0,0,0,0,1,0,0,0,0,0,0,0,0,0,0,0,0
372,8404.75,0,0,0,0,0,0,0,1,0,0,0,1,0,0,0,0,0,0,0,0
373,8416.25,0,0,0,0,0,0,0,1,0,0,0,0,0,0,0,0,0,0,0,0
374,8433.0,0,0,0,0,0,0,0,0,0,0,0,0,0,0,0,0,0,0,0,0
375,8803.75,0,0,0,0,0,0,0,0,0,0,0,1,0,0,0,0,0,0,0,0
376,8808.25,0,0,0,0,0,0,0,0,0,0,0,0,0,0,0,0,0,0,0,0
377,8808.5,0,0,0,0,0,0,0,0,0,0,0,1,0,0,0,0,0,0,0,0
378,8809.75,0,0,0,0,0,0,0,1,0,0,0,1,0,0,0,0,0,0,0,0
379,8810.5,0,0,0,0,0,0,0,1,0,0,0,0,0,0,0,0,0,0,0,0
380,8810.75,0,0,0,0,0,0,0,1,0,0,0,1,0,0,0,0,0,0,0,0
381,8827.5,0,0,0,0,0,0,0,1,0,0,0,0,0,0,0,0,0,0,0,0
382,8827.75,0,0,0,0,0,0,0,1,0,0,0,1,0,0,0,0,0,0,0,0
383,8829.75,0,0,0,0,0,0,0,1,0,0,0,0,0,0,0,0,0,0,0,0
384,8830.0,0,0,0,0,0,0,0,1,0,0,0,1,0,0,0,0,0,0,0,0
385,8842.25,0,0,0,0,0,0,0,1,0,0,0,0,0,0,0,0,0,0,0,0
386,8842.5,0,0,0,0,0,0,0,1,0,0,0,1,0,0,0,0,0,0,0,0
387,8859.25,0,0,0,0,0,0,0,1,0,0,0,0,0,0,0,0,0,0,0,0
388,8859.5,0,0,0,0,0,0,0,1,0,0,0,1,0,0,0,0,0,0,0,0
389,8861.5,0,0,0,0,0,0,0,1,0,0,0,0,0,0,0,0,0,0,0,0
390,8861.75,0,0,0,0,0,0,0,1,0,0,0,1,0,0,0,0,0,0,0,0
391,8874.0,0,0,0,0,0,0,0,1,0,0,0,0,0,0,0,0,0,0,0,0
392,8874.25,0,0,0,0,0,0,0,1,0,0,0,1,0,0,0,0,0,0,0,0
393,8893.25,0,0,0,0,0,0,0,1,0,0,0,0,0,0,0,0,0,0,0,0
394,8893.5,0,0,0,0,0,0,0,1,0,0,0,1,0,0,0,0,0,0,0,0
395,8903.75,0,0,0,0,0,0,0,1,0,0,0,0,0,0,0,0,0,0,0,0
396,8933.0,0,0,0,0,0,0,0,0,0,0,0,0,0,0,0,0,0,0,0,0
397,9303.0,0,0,0,0,0,0,0,0,0,0,0,1,0,0,0,0,0,0,0,0
398,9309.0,0,0,0,0,0,0,0,1,0,0,0,1,0,0,0,0,0,0,0,0
399,9312.0,0,0,0,0,0,0,0,1,0,0,0,0,0,0,0,0,0,0,0,0
400,9312.25,0,0,0,0,0,0,0,1,0,0,0,1,0,0,0,0,0,0,0,0
401,9329.0,0,0,0,0,0,0,0,1,0,0,0,0,0,0,0,0,0,0,0,0
402,9329.25,0,0,0,0,0,0,0,1,0,0,0,1,0,0,0,0,0,0,0,0
403,9331.25,0,0,0,0,0,0,0,1,0,0,0,0,0,0,0,0,0,0,0,0
404,9331.5,0,0,0,0,0,0,0,1,0,0,0,1,0,0,0,0,0,0,0,0
405,9343.75,0,0,0,0,0,0,0,1,0,0,0,0,0,0,0,0,0,0,0,0
406,9344.0,0,0,0,0,0,0,0,1,0,0,0,1,0,0,0,0,0,0,0,0
407,9346.0,0,0,0,0,0,0,0,1,0,0,0,0,0,0,0,0,0,0,0,0
408,9346.25,0,0,0,0,0,0,0,1,0,0,0,1,0,0,0,0,0,0,0,0
409,9360.75,0,0,0,0,0,0,0,1,0,0,0,0,0,0,0,0,0,0,0,0
410,9361.0,0,0,0,0,0,0,0,1,0,0,0,1,0,0,0,0,0,0,0,0
411,9363.0,0,0,0,0,0,0,0,1,0,0,0,0,0,0,0,0,0,0,0,0
412,9363.25,0,0,0,0,0,0,0,1,0,0,0,1,0,0,0,0,0,0,0,0
413,9375.5,0,0,0,0,0,0,0,1,0,0,0,0,0,0,0,0,0,0,0,0
414,9375.75,0,0,0,0,0,0,0,1,0,0,0,1,0,0,0,0,0,0,0,0
415,9394.75,0,0,0,0,0,0,0,1,0,0,0,0,0,0,0,0,0,0,0,0
416,9395.0,0,0,0,0,0,0,0,1,0,0,0,1,0,0,0,0,0,0,0,0
417,9397.0,0,0,0,0,0,0,0,1,0,0,0,0,0,0,0,0,0,0,0,0
418,9397.25,0,0,0,0,0,0,0,1,0,0,0,1,0,0,0,0,0,0,0,0
419,9403.0,0,0,0,0,0,0,0,1,0,0,0,0,0,0,0,0,0,0,0,0
420,9432.25,0,0,0,0,0,0,0,0,0,0,0,0,0,0,0,0,0,0,0,0
421,9809.25,0,0,0,0,0,0,0,1,0,0,0,0,0,0,0,0,0,0,0,0
422,9814.0,0,0,0,0,0,0,0,1,0,0,0,1,0,0,0,0,0,0,0,0
423,9828.5,0,0,0,0,0,0,0,1,0,0,0,0,0,0,0,0,0,0,0,0
424,9828.75,0,0,0,0,0,0,0,1,0,0,0,1,0,0,0,0,0,0,0,0
425,9830.75,0,0,0,0,0,0,0,1,0,0,0,0,0,0,0,0,0,0,0,0
426,9831.0,0,0,0,0,0,0,0,1,0,0,0,1,0,0,0,0,0,0,0,0
427,9843.25,0,0,0,0,0,0,0,1,0,0,0,0,0,0,0,0,0,0,0,0
428,9843.5,0,0,0,0,0,0,0,1,0,0,0,1,0,0,0,0,0,0,0,0
429,9845.5,0,0,0,0,0,0,0,1,0,0,0,0,0,0,0,0,0,0,0,0
430,9845.75,0,0,0,0,0,0,0,1,0,0,0,1,0,0,0,0,0,0,0,0
431,9860.25,0,0,0,0,0,0,0,1,0,0,0,0,0,0,0,0,0,0,0,0
432,9860.5,0,0,0,0,0,0,0,1,0,0,0,1,0,0,0,0,0,0,0,0
433,9862.5,0,0,0,0,0,0,0,1,0,0,0,0,0,0,0,0,0,0,0,0
434,9862.75,0,0,0,0,0,0,0,1,0,0,0,1,0,0,0,0,0,0,0,0
435,9875.0,0,0,0,0,0,0,0,1,0,0,0,0,0,0,0,0,0,0,0,0
436,9875.25,0,0,0,0,0,0,0,1,0,0,0,1,0,0,0,0,0,0,0,0
437,9877.25,0,0,0,0,0,0,0,1,0,0,0,0,0,0,0,0,0,0,0,0
438,9877.5,0,0,0,0,0,0,0,1,0,0,0,1,0,0,0,0,0,0,0,0
439,9892.0,0,0,0,0,0,0,0,1,0,0,0,0,0,0,0,0,0,0,0,0
440,9892.25,0,0,0,0,0,0,0,1,0,0,0,1,0,0,0,0,0,0,0,0
441,9894.25,0,0,0,0,0,0,0,1,0,0,0,0,0,0,0,0,0,0,0,0
442,9894.5,0,0,0,0,0,0,0,1,0,0,0,1,0,0,0,0,0,0,0,0
443,9909.0,0,0,0,0,0,0,0,1,0,0,0,0,0,0,0,0,0,0,0,0
444,9909.25,0,0,0,0,0,0,0,1,0,0,0,1,0,0,0,0,0,0,0,0
445,9914.0,0,0,0,0,0,0,0,1,0,0,0,0,0,0,0,0,0,0,0,0
446,9932.25,0,0,0,0,0,0,0,0,0,0,0,0,0,0,0,0,0,0,0,0
447,10301.5,0,0,0,0,0,0,0,0,0,0,0,1,0,0,0,0,0,0,0,0
448,10302.5,0,0,0,0,0,0,0,0,0,0,0,0,0,0,0,0,0,0,0,0
449,10302.75,0,0,0,0,0,0,0,0,0,0,0,1,0,0,0,0,0,0,0,0
450,10310.0,0,0,0,0,0,0,0,1,0,0,0,1,0,0,0,0,0,0,0,0
451,10315.0,0,0,0,0,0,0,0,1,0,0,0,0,0,0,0,0,0,0,0,0
452,10315.25,0,0,0,0,0,0,0,1,0,0,0,1,0,0,0,0,0,0,0,0
453,10317.25,0,0,0,0,0,0,0,1,0,0,0,0,0,0,0,0,0,0,0,0
454,10317.5,0,0,0,0,0,0,0,1,0,0,0,1,0,0,0,0,0,0,0,0
455,10332.0,0,0,0,0,0,0,0,1,0,0,0,0,0,0,0,0,0,0,0,0
456,10332.25,0,0,0,0,0,0,0,1,0,0,0,1,0,0,0,0,0,0,0,0
457,10334.25,0,0,0,0,0,0,0,1,0,0,0,0,0,0,0,0,0,0,0,0
458,10334.5,0,0,0,0,0,0,0,1,0,0,0,1,0,0,0,0,0,0,0,0
459,10346.75,0,0,0,0,0,0,0,1,0,0,0,0,0,0,0,0,0,0,0,0
460,10347.0,0,0,0,0,0,0,0,1,0,0,0,1,0,0,0,0,0,0,0,0
461,10349.0,0,0,0,0,0,0,0,1,0,0,0,0,0,0,0,0,0,0,0,0
462,10349.25,0,0,0,0,0,0,0,1,0,0,0,1,0,0,0,0,0,0,0,0
463,10366.0,0,0,0,0,0,0,0,1,0,0,0,0,0,0,0,0,0,0,0,0
464,10366.25,0,0,0,0,0,0,0,1,0,0,0,1,0,0,0,0,0,0,0,0
465,10368.25,0,0,0,0,0,0,0,1,0,0,0,0,0,0,0,0,0,0,0,0
466,10368.5,0,0,0,0,0,0,0,1,0,0,0,1,0,0,0,0,0,0,0,0
467,10380.75,0,0,0,0,0,0,0,1,0,0,0,0,0,0,0,0,0,0,0,0
468,10381.0,0,0,0,0,0,0,0,1,0,0,0,1,0,0,0,0,0,0,0,0
469,10397.75,0,0,0,0,0,0,0,1,0,0,0,0,0,0,0,0,0,0,0,0
470,10398.0,0,0,0,0,0,0,0,1,0,0,0,1,0,0,0,0,0,0,0,0
471,10400.0,0,0,0,0,0,0,0,1,0,0,0,0,0,0,0,0,0,0,0,0
472,10400.25,0,0,0,0,0,0,0,1,0,0,0,1,0,0,0,0,0,0,0,0
473,10401.5,0,0,0,0,0,0,0,1,0,0,0,0,0,0,0,0,0,0,0,0
474,10436.5,0,0,0,0,0,0,0,0,0,0,0,0,0,0,0,0,0,0,0,0
475,10809.25,0,0,0,0,0,0,0,1,0,0,0,0,0,0,0,0,0,0,0,0
476,10812.25,0,0,0,0,0,0,0,1,0,0,0,1,0,0,0,0,0,0,0,0
477,10814.5,0,0,0,0,0,0,0,1,0,0,0,0,0,0,0,0,0,0,0,0
478,10814.75,0,0,0,0,0,0,0,1,0,0,0,1,0,0,0,0,0,0,0,0
479,10816.75,0,0,0,0,0,0,0,1,0,0,0,0,0,0,0,0,0,0,0,0
480,10817.0,0,0,0,0,0,0,0,1,0,0,0,1,0,0,0,0,0,0,0,0
481,10831.5,0,0,0,0,0,0,0,1,0,0,0,0,0,0,0,0,0,0,0,0
482,10831.75,0,0,0,0,0,0,0,1,0,0,0,1,0,0,0,0,0,0,0,0
483,10833.75,0,0,0,0,0,0,0,1,0,0,0,0,0,0,0,0,0,0,0,0
484,10834.0,0,0,0,0,0,0,0,1,0,0,0,1,0,0,0,0,0,0,0,0
485,10846.25,0,0,0,0,0,0,0,1,0,0,0,0,0,0,0,0,0,0,0,0
486,10846.5,0,0,0,0,0,0,0,1,0,0,0,1,0,0,0,0,0,0,0,0
487,10848.5,0,0,0,0,0,0,0,1,0,0,0,0,0,0,0,0,0,0,0,0
488,10848.75,0,0,0,0,0,0,0,1,0,0,0,1,0,0,0,0,0,0,0,0
489,10863.25,0,0,0,0,0,0,0,1,0,0,0,0,0,0,0,0,0,0,0,0
490,10863.5,0,0,0,0,0,0,0,1,0,0,0,1,0,0,0,0,0,0,0,0
491,10865.5,0,0,0,0,0,0,0,1,0,0,0,0,0,0,0,0,0,0,0,0
492,10865.75,0,0,0,0,0,0,0,1,0,0,0,1,0,0,0,0,0,0,0,0
493,10880.25,0,0,0,0,0,0,0,1,0,0,0,0,0,0,0,0,0,0,0,0
494,10880.5,0,0,0,0,0,0,0,1,0,0,0,1,0,0,0,0,0,0,0,0
495,10897.25,0,0,0,0,0,0,0,1,0,0,0,0,0,0,0,0,0,0,0,0
496,10897.5,0,0,0,0,0,0,0,1,0,0,0,1,0,0,0,0,0,0,0,0
497,10899.5,0,0,0,0,0,0,0,1,0,0,0,0,0,0,0,0,0,0,0,0
498,10899.75,0,0,0,0,0,0,0,1,0,0,0,1,0,0,0,0,0,0,0,0
499,10912.0,0,0,0,0,0,0,0,1,0,0,0,0,0,0,0,0,0,0,0,0
500,10932.0,0,0,0,0,0,0,0,0,0,0,0,0,0,0,0,0,0,0,0,0
501,11309.75,0,0,0,0,0,0,0,1,0,0,0,0,0,0,0,0,0,0,0,0
502,11311.5,0,0,0,0,0,0,0,1,0,0,0,1,0,0,0,0,0,0,0,0
503,11316.0,0,0,0,0,0,0,0,1,0,0,0,0,0,0,0,0,0,0,0,0
504,11316.25,0,0,0,0,0,0,0,1,0,0,0,1,0,0,0,0,0,0,0,0
505,11318.25,0,0,0,0,0,0,0,1,0,0,0,0,0,0,0,0,0,0,0,0
506,11318.5,0,0,0,0,0,0,0,1,0,0,0,1,0,0,0,0,0,0,0,0
507,11333.0,0,0,0,0,0,0,0,1,0,0,0,0,0,0,0,0,0,0,0,0
508,11333.25,0,0,0,0,0,0,0,1,0,0,0,1,0,0,0,0,0,0,0,0
509,11335.25,0,0,0,0,0,0,0,1,0,0,0,0,0,0,0,0,0,0,0,0
510,11335.5,0,0,0,0,0,0,0,1,0,0,0,1,0,0,0,0,0,0,0,0
511,11337.5,0,0,0,0,0,0,0,1,0,0,0,0,0,0,0,0,0,0,0,0
512,11337.75,0,0,0,0,0,0,0,1,0,0,0,1,0,0,0,0,0,0,0,0
513,11350.0,0,0,0,0,0,0,0,1,0,0,0,0,0,0,0,0,0,0,0,0
514,11350.25,0,0,0,0,0,0,0,1,0,0,0,1,0,0,0,0,0,0,0,0
515,11367.0,0,0,0,0,0,0,0,1,0,0,0,0,0,0,0,0,0,0,0,0
516,11367.25,0,0,0,0,0,0,0,1,0,0,0,1,0,0,0,0,0,0,0,0
517,11369.25,0,0,0,0,0,0,0,1,0,0,0,0,0,0,0,0,0,0,0,0
518,11369.5,0,0,0,0,0,0,0,1,0,0,0,1,0,0,0,0,0,0,0,0
519,11381.75,0,0,0,0,0,0,0,1,0,0,0,0,0,0,0,0,0,0,0,0
520,11382.0,0,0,0,0,0,0,0,1,0,0,0,1,0,0,0,0,0,0,0,0
521,11398.75,0,0,0,0,0,0,0,1,0,0,0,0,0,0,0,0,0,0,0,0
522,11399.0,0,0,0,0,0,0,0,1,0,0,0,1,0,0,0,0,0,0,0,0
523,11401.0,0,0,0,0,0,0,0,1,0,0,0,0,0,0,0,0,0,0,0,0
524,11401.25,0,0,0,0,0,0,0,1,0,0,0,1,0,0,0,0,0,0,0,0
525,11411.5,0,0,0,0,0,0,0,1,0,0,0,0,0,0,0,0,0,0,0,0
526,11435.75,0,0,0,0,0,0,0,0,0,0,0,0,0,0,0,0,0,0,0,0
527,11808.5,0,0,0,0,0,0,0,1,0,0,0,0,0,0,0,0,0,0,0,0
528,11810.75,0,0,0,0,0,0,0,1,0,0,0,1,0,0,0,0,0,0,0,0
529,11819.75,0,0,0,0,0,0,0,1,0,0,0,0,0,0,0,0,0,0,0,0
530,11820.0,0,0,0,0,0,0,0,1,0,0,0,1,0,0,0,0,0,0,0,0
531,11836.75,0,0,0,0,0,0,0,1,0,0,0,0,0,0,0,0,0,0,0,0
532,11837.0,0,0,0,0,0,0,0,1,0,0,0,1,0,0,0,0,0,0,0,0
533,11839.0,0,0,0,0,0,0,0,1,0,0,0,0,0,0,0,0,0,0,0,0
534,11839.25,0,0,0,0,0,0,0,1,0,0,0,1,0,0,0,0,0,0,0,0
535,11851.5,0,0,0,0,0,0,0,1,0,0,0,0,0,0,0,0,0,0,0,0
536,11851.75,0,0,0,0,0,0,0,1,0,0,0,1,0,0,0,0,0,0,0,0
537,11868.5,0,0,0,0,0,0,0,1,0,0,0,0,0,0,0,0,0,0,0,0
538,11868.75,0,0,0,0,0,0,0,1,0,0,0,1,0,0,0,0,0,0,0,0
539,11870.75,0,0,0,0,0,0,0,1,0,0,0,0,0,0,0,0,0,0,0,0
540,11871.0,0,0,0,0,0,0,0,1,0,0,0,1,0,0,0,0,0,0,0,0
541,11883.25,0,0,0,0,0,0,0,1,0,0,0,0,0,0,0,0,0,0,0,0
542,11883.5,0,0,0,0,0,0,0,1,0,0,0,1,0,0,0,0,0,0,0,0
543,11900.25,0,0,0,0,0,0,0,1,0,0,0,0,0,0,0,0,0,0,0,0
544,11900.5,0,0,0,0,0,0,0,1,0,0,0,1,0,0,0,0,0,0,0,0
545,11902.5,0,0,0,0,0,0,0,1,0,0,0,0,0,0,0,0,0,0,0,0
546,11902.75,0,0,0,0,0,0,0,1,0,0,0,1,0,0,0,0,0,0,0,0
547,11910.75,0,0,0,0,0,0,0,1,0,0,0,0,0,0,0,0,0,0,0,0
548,11949.5,0,0,0,0,0,0,0,0,0,0,0,0,0,0,0,0,0,0,0,0
549,12309.5,0,0,0,0,0,0,0,1,0,0,0,0,0,0,0,0,0,0,0,0
550,12310.0,0,0,0,0,0,0,0,1,0,0,0,1,0,0,0,0,0,0,0,0
551,12321.25,0,0,0,0,0,0,0,1,0,0,0,0,0,0,0,0,0,0,0,0
552,12321.5,0,0,0,0,0,0,0,1,0,0,0,1,0,0,0,0,0,0,0,0
553,12336.0,0,0,0,0,0,0,0,1,0,0,0,0,0,0,0,0,0,0,0,0
554,12336.25,0,0,0,0,0,0,0,1,0,0,0,1,0,0,0,0,0,0,0,0
555,12338.25,0,0,0,0,0,0,0,1,0,0,0,0,0,0,0,0,0,0,0,0
556,12338.5,0,0,0,0,0,0,0,1,0,0,0,1,0,0,0,0,0,0,0,0
557,12340.5,0,0,0,0,0,0,0,1,0,0,0,0,0,0,0,0,0,0,0,0
558,12340.75,0,0,0,0,0,0,0,1,0,0,0,1,0,0,0,0,0,0,0,0
559,12353.0,0,0,0,0,0,0,0,1,0,0,0,0,0,0,0,0,0,0,0,0
560,12353.25,0,0,0,0,0,0,0,1,0,0,0,1,0,0,0,0,0,0,0,0
561,12355.25,0,0,0,0,0,0,0,1,0,0,0,0,0,0,0,0,0,0,0,0
562,12355.5,0,0,0,0,0,0,0,1,0,0,0,1,0,0,0,0,0,0,0,0
563,12370.0,0,0,0,0,0,0,0,1,0,0,0,0,0,0,0,0,0,0,0,0
564,12370.25,0,0,0,0,0,0,0,1,0,0,0,1,0,0,0,0,0,0,0,0
565,12372.25,0,0,0,0,0,0,0,1,0,0,0,0,0,0,0,0,0,0,0,0
566,12372.5,0,0,0,0,0,0,0,1,0,0,0,1,0,0,0,0,0,0,0,0
567,12384.75,0,0,0,0,0,0,0,1,0,0,0,0,0,0,0,0,0,0,0,0
568,12385.0,0,0,0,0,0,0,0,1,0,0,0,1,0,0,0,0,0,0,0,0
569,12401.75,0,0,0,0,0,0,0,1,0,0,0,0,0,0,0,0,0,0,0,0
570,12402.0,0,0,0,0,0,0,0,1,0,0,0,1,0,0,0,0,0,0,0,0
571,12404.0,0,0,0,0,0,0,0,1,0,0,0,0,0,0,0,0,0,0,0,0
572,12404.25,0,0,0,0,0,0,0,1,0,0,0,1,0,0,0,0,0,0,0,0
573,12406.25,0,0,0,0,0,0,0,1,0,0,0,0,0,0,0,0,0,0,0,0
574,12406.5,0,0,0,0,0,0,0,1,0,0,0,1,0,0,0,0,0,0,0,0
575,12410.0,0,0,0,0,0,0,0,1,0,0,0,0,0,0,0,0,0,0,0,0
576,12435.0,0,0,0,0,0,0,0,0,0,0,0,0,0,0,0,0,0,0,0,0
577,12809.25,0,0,0,0,0,0,0,0,0,0,0,1,0,0,0,0,0,0,0,0
578,12809.75,0,0,0,0,0,0,0,1,0,0,0,1,0,0,0,0,0,0,0,0
579,12810.25,0,0,0,0,0,0,0,1,0,0,0,0,0,0,0,0,0,0,0,0
580,12810.5,0,0,0,0,0,0,0,1,0,0,0,1,0,0,0,0,0,0,0,0
581,12822.75,0,0,0,0,0,0,0,1,0,0,0,0,0,0,0,0,0,0,0,0
582,12823.0,0,0,0,0,0,0,0,1,0,0,0,1,0,0,0,0,0,0,0,0
583,12839.75,0,0,0,0,0,0,0,1,0,0,0,0,0,0,0,0,0,0,0,0
584,12840.0,0,0,0,0,0,0,0,1,0,0,0,1,0,0,0,0,0,0,0,0
585,12842.0,0,0,0,0,0,0,0,1,0,0,0,0,0,0,0,0,0,0,0,0
586,12842.25,0,0,0,0,0,0,0,1,0,0,0,1,0,0,0,0,0,0,0,0
587,12854.5,0,0,0,0,0,0,0,1,0,0,0,0,0,0,0,0,0,0,0,0
588,12854.75,0,0,0,0,0,0,0,1,0,0,0,1,0,0,0,0,0,0,0,0
589,12856.75,0,0,0,0,0,0,0,1,0,0,0,0,0,0,0,0,0,0,0,0
590,12857.0,0,0,0,0,0,0,0,1,0,0,0,1,0,0,0,0,0,0,0,0
591,12871.5,0,0,0,0,0,0,0,1,0,0,0,0,0,0,0,0,0,0,0,0
592,12871.75,0,0,0,0,0,0,0,1,0,0,0,1,0,0,0,0,0,0,0,0
593,12873.75,0,0,0,0,0,0,0,1,0,0,0,0,0,0,0,0,0,0,0,0
594,12874.0,0,0,0,0,0,0,0,1,0,0,0,1,0,0,0,0,0,0,0,0
595,12886.25,0,0,0,0,0,0,0,1,0,0,0,0,0,0,0,0,0,0,0,0
596,12886.5,0,0,0,0,0,0,0,1,0,0,0,1,0,0,0,0,0,0,0,0
597,12903.25,0,0,0,0,0,0,0,1,0,0,0,0,0,0,0,0,0,0,0,0
598,12903.5,0,0,0,0,0,0,0,1,0,0,0,1,0,0,0,0,0,0,0,0
599,12905.5,0,0,0,0,0,0,0,1,0,0,0,0,0,0,0,0,0,0,0,0
600,12905.75,0,0,0,0,0,0,0,1,0,0,0,1,0,0,0,0,0,0,0,0
601,12909.25,0,0,0,0,0,0,0,1,0,0,0,0,0,0,0,0,0,0,0,0
602,12931.75,0,0,0,0,0,0,0,0,0,0,0,0,0,0,0,0,0,0,0,0
603,13308.5,0,0,0,0,0,0,0,0,0,0,0,1,0,0,0,0,0,0,0,0
604,13309.0,0,0,0,0,0,0,0,1,0,0,0,1,0,0,0,0,0,0,0,0
605,13309.5,0,0,0,0,0,0,0,1,0,0,0,0,0,0,0,0,0,0,0,0
606,13309.75,0,0,0,0,0,0,0,1,0,0,0,1,0,0,0,0,0,0,0,0
607,13311.75,0,0,0,0,0,0,0,1,0,0,0,0,0,0,0,0,0,0,0,0
608,13312.0,0,0,0,0,0,0,0,1,0,0,0,1,0,0,0,0,0,0,0,0
609,13324.25,0,0,0,0,0,0,0,1,0,0,0,0,0,0,0,0,0,0,0,0
610,13324.5,0,0,0,0,0,0,0,1,0,0,0,1,0,0,0,0,0,0,0,0
611,13326.5,0,0,0,0,0,0,0,1,0,0,0,0,0,0,0,0,0,0,0,0
612,13326.75,0,0,0,0,0,0,0,1,0,0,0,1,0,0,0,0,0,0,0,0
613,13341.25,0,0,0,0,0,0,0,1,0,0,0,0,0,0,0,0,0,0,0,0
614,13341.5,0,0,0,0,0,0,0,1,0,0,0,1,0,0,0,0,0,0,0,0
615,13343.5,0,0,0,0,0,0,0,1,0,0,0,0,0,0,0,0,0,0,0,0
616,13343.75,0,0,0,0,0,0,0,1,0,0,0,1,0,0,0,0,0,0,0,0
617,13356.0,0,0,0,0,0,0,0,1,0,0,0,0,0,0,0,0,0,0,0,0
618,13356.25,0,0,0,0,0,0,0,1,0,0,0,1,0,0,0,0,0,0,0,0
619,13373.0,0,0,0,0,0,0,0,1,0,0,0,0,0,0,0,0,0,0,0,0
620,13373.25,0,0,0,0,0,0,0,1,0,0,0,1,0,0,0,0,0,0,0,0
621,13375.25,0,0,0,0,0,0,0,1,0,0,0,0,0,0,0,0,0,0,0,0
622,13375.5,0,0,0,0,0,0,0,1,0,0,0,1,0,0,0,0,0,0,0,0
623,13387.75,0,0,0,0,0,0,0,1,0,0,0,0,0,0,0,0,0,0,0,0
624,13388.0,0,0,0,0,0,0,0,1,0,0,0,1,0,0,0,0,0,0,0,0
625,13390.0,0,0,0,0,0,0,0,1,0,0,0,0,0,0,0,0,0,0,0,0
626,13390.25,0,0,0,0,0,0,0,1,0,0,0,1,0,0,0,0,0,0,0,0
627,13404.75,0,0,0,0,0,0,0,1,0,0,0,0,0,0,0,0,0,0,0,0
628,13405.0,0,0,0,0,0,0,0,1,0,0,0,1,0,0,0,0,0,0,0,0
629,13407.0,0,0,0,0,0,0,0,1,0,0,0,0,0,0,0,0,0,0,0,0
630,13407.25,0,0,0,0,0,0,0,1,0,0,0,1,0,0,0,0,0,0,0,0
631,13408.5,0,0,0,0,0,0,0,1,0,0,0,0,0,0,0,0,0,0,0,0
632,13434.0,0,0,0,0,0,0,0,0,0,0,0,0,0,0,0,0,0,0,0,0
633,13807.75,0,0,0,0,0,0,0,0,0,0,0,1,0,0,0,0,0,0,0,0
634,13809.75,0,0,0,0,0,0,0,1,0,0,0,1,0,0,0,0,0,0,0,0
635,13811.0,0,0,0,0,0,0,0,1,0,0,0,0,0,0,0,0,0,0,0,0
636,13811.25,0,0,0,0,0,0,0,1,0,0,0,1,0,0,0,0,0,0,0,0
637,13813.25,0,0,0,0,0,0,0,1,0,0,0,0,0,0,0,0,0,0,0,0
638,13813.5,0,0,0,0,0,0,0,1,0,0,0,1,0,0,0,0,0,0,0,0
639,13825.75,0,0,0,0,0,0,0,1,0,0,0,0,0,0,0,0,0,0,0,0
640,13826.0,0,0,0,0,0,0,0,1,0,0,0,1,0,0,0,0,0,0,0,0
641,13828.0,0,0,0,0,0,0,0,1,0,0,0,0,0,0,0,0,0,0,0,0
642,13828.25,0,0,0,0,0,0,0,1,0,0,0,1,0,0,0,0,0,0,0,0
643,13842.75,0,0,0,0,0,0,0,1,0,0,0,0,0,0,0,0,0,0,0,0
644,13843.0,0,0,0,0,0,0,0,1,0,0,0,1,0,0,0,0,0,0,0,0
645,13845.0,0,0,0,0,0,0,0,1,0,0,0,0,0,0,0,0,0,0,0,0
646,13845.25,0,0,0,0,0,0,0,1,0,0,0,1,0,0,0,0,0,0,0,0
647,13859.75,0,0,0,0,0,0,0,1,0,0,0,0,0,0,0,0,0,0,0,0
648,13860.0,0,0,0,0,0,0,0,1,0,0,0,1,0,0,0,0,0,0,0,0
649,13876.75,0,0,0,0,0,0,0,1,0,0,0,0,0,0,0,0,0,0,0,0
650,13877.0,0,0,0,0,0,0,0,1,0,0,0,1,0,0,0,0,0,0,0,0
651,13879.0,0,0,0,0,0,0,0,1,0,0,0,0,0,0,0,0,0,0,0,0
652,13879.25,0,0,0,0,0,0,0,1,0,0,0,1,0,0,0,0,0,0,0,0
653,13891.5,0,0,0,0,0,0,0,1,0,0,0,0,0,0,0,0,0,0,0,0
654,13891.75,0,0,0,0,0,0,0,1,0,0,0,1,0,0,0,0,0,0,0,0
655,13907.75,0,0,0,0,0,0,0,1,0,0,0,0,0,0,0,0,0,0,0,0
656,13932.0,0,0,0,0,0,0,0,0,0,0,0,0,0,0,0,0,0,0,0,0
657,14307.0,0,0,0,0,0,0,0,0,0,0,0,1,0,0,0,0,0,0,0,0
658,14309.75,0,0,0,0,0,0,0,1,0,0,0,1,0,0,0,0,0,0,0,0
659,14314.75,0,0,0,0,0,0,0,1,0,0,0,0,0,0,0,0,0,0,0,0
660,14315.0,0,0,0,0,0,0,0,1,0,0,0,1,0,0,0,0,0,0,0,0
661,14329.5,0,0,0,0,0,0,0,1,0,0,0,0,0,0,0,0,0,0,0,0
662,14329.75,0,0,0,0,0,0,0,1,0,0,0,1,0,0,0,0,0,0,0,0
663,14346.5,0,0,0,0,0,0,0,1,0,0,0,0,0,0,0,0,0,0,0,0
664,14346.75,0,0,0,0,0,0,0,1,0,0,0,1,0,0,0,0,0,0,0,0
665,14348.75,0,0,0,0,0,0,0,1,0,0,0,0,0,0,0,0,0,0,0,0
666,14349.0,0,0,0,0,0,0,0,1,0,0,0,1,0,0,0,0,0,0,0,0
667,14361.25,0,0,0,0,0,0,0,1,0,0,0,0,0,0,0,0,0,0,0,0
668,14361.5,0,0,0,0,0,0,0,1,0,0,0,1,0,0,0,0,0,0,0,0
669,14378.25,0,0,0,0,0,0,0,1,0,0,0,0,0,0,0,0,0,0,0,0
670,14378.5,0,0,0,0,0,0,0,1,0,0,0,1,0,0,0,0,0,0,0,0
671,14380.5,0,0,0,0,0,0,0,1,0,0,0,0,0,0,0,0,0,0,0,0
672,14380.75,0,0,0,0,0,0,0,1,0,0,0,1,0,0,0,0,0,0,0,0
673,14393.0,0,0,0,0,0,0,0,1,0,0,0,0,0,0,0,0,0,0,0,0
674,14393.25,0,0,0,0,0,0,0,1,0,0,0,1,0,0,0,0,0,0,0,0
675,14407.0,0,0,0,0,0,0,0,1,0,0,0,0,0,0,0,0,0,0,0,0
676,14433.25,0,0,0,0,0,0,0,0,0,0,0,0,0,0,0,0,0,0,0,0
677,14806.25,0,0,0,0,0,0,0,0,0,0,0,1,0,0,0,0,0,0,0,0
678,14810.5,0,0,0,0,0,0,0,1,0,0,0,1,0,0,0,0,0,0,0,0
679,14814.0,0,0,0,0,0,0,0,1,0,0,0,0,0,0,0,0,0,0,0,0
680,14814.25,0,0,0,0,0,0,0,1,0,0,0,1,0,0,0,0,0,0,0,0
681,14816.25,0,0,0,0,0,0,0,1,0,0,0,0,0,0,0,0,0,0,0,0
682,14816.5,0,0,0,0,0,0,0,1,0,0,0,1,0,0,0,0,0,0,0,0
683,14831.0,0,0,0,0,0,0,0,1,0,0,0,0,0,0,0,0,0,0,0,0
684,14831.25,0,0,0,0,0,0,0,1,0,0,0,1,0,0,0,0,0,0,0,0
685,14848.0,0,0,0,0,0,0,0,1,0,0,0,0,0,0,0,0,0,0,0,0
686,14848.25,0,0,0,0,0,0,0,1,0,0,0,1,0,0,0,0,0,0,0,0
687,14850.25,0,0,0,0,0,0,0,1,0,0,0,0,0,0,0,0,0,0,0,0
688,14850.5,0,0,0,0,0,0,0,1,0,0,0,1,0,0,0,0,0,0,0,0
689,14862.75,0,0,0,0,0,0,0,1,0,0,0,0,0,0,0,0,0,0,0,0
690,14863.0,0,0,0,0,0,0,0,1,0,0,0,1,0,0,0,0,0,0,0,0
691,14879.75,0,0,0,0,0,0,0,1,0,0,0,0,0,0,0,0,0,0,0,0
692,14880.0,0,0,0,0,0,0,0,1,0,0,0,1,0,0,0,0,0,0,0,0
693,14882.0,0,0,0,0,0,0,0,1,0,0,0,0,0,0,0,0,0,0,0,0
694,14882.25,0,0,0,0,0,0,0,1,0,0,0,1,0,0,0,0,0,0,0,0
695,14894.5,0,0,0,0,0,0,0,1,0,0,0,0,0,0,0,0,0,0,0,0
696,14894.75,0,0,0,0,0,0,0,1,0,0,0,1,0,0,0,0,0,0,0,0
697,14896.75,0,0,0,0,0,0,0,1,0,0,0,0,0,0,0,0,0,0,0,0
698,14897.0,0,0,0,0,0,0,0,1,0,0,0,1,0,0,0,0,0,0,0,0
699,14906.25,0,0,0,0,0,0,0,1,0,0,0,0,0,0,0,0,0,0,0,0
700,14932.5,0,0,0,0,0,0,0,0,0,0,0,0,0,0,0,0,0,0,0,0
701,15305.5,0,0,0,0,0,0,0,0,0,0,0,1,0,0,0,0,0,0,0,0
702,15309.5,0,0,0,0,0,0,0,1,0,0,0,1,0,0,0,0,0,0,0,0
703,15317.75,0,0,0,0,0,0,0,1,0,0,0,0,0,0,0,0,0,0,0,0
704,15318.0,0,0,0,0,0,0,0,1,0,0,0,1,0,0,0,0,0,0,0,0
705,15320.0,0,0,0,0,0,0,0,1,0,0,0,0,0,0,0,0,0,0,0,0
706,15320.25,0,0,0,0,0,0,0,1,0,0,0,1,0,0,0,0,0,0,0,0
707,15332.5,0,0,0,0,0,0,0,1,0,0,0,0,0,0,0,0,0,0,0,0
708,15332.75,0,0,0,0,0,0,0,1,0,0,0,1,0,0,0,0,0,0,0,0
709,15349.5,0,0,0,0,0,0,0,1,0,0,0,0,0,0,0,0,0,0,0,0
710,15349.75,0,0,0,0,0,0,0,1,0,0,0,1,0,0,0,0,0,0,0,0
711,15351.75,0,0,0,0,0,0,0,1,0,0,0,0,0,0,0,0,0,0,0,0
712,15352.0,0,0,0,0,0,0,0,1,0,0,0,1,0,0,0,0,0,0,0,0
713,15364.25,0,0,0,0,0,0,0,1,0,0,0,0,0,0,0,0,0,0,0,0
714,15364.5,0,0,0,0,0,0,0,1,0,0,0,1,0,0,0,0,0,0,0,0
715,15366.5,0,0,0,0,0,0,0,1,0,0,0,0,0,0,0,0,0,0,0,0
716,15366.75,0,0,0,0,0,0,0,1,0,0,0,1,0,0,0,0,0,0,0,0
717,15381.25,0,0,0,0,0,0,0,1,0,0,0,0,0,0,0,0,0,0,0,0
718,15381.5,0,0,0,0,0,0,0,1,0,0,0,1,0,0,0,0,0,0,0,0
719,15383.5,0,0,0,0,0,0,0,1,0,0,0,0,0,0,0,0,0,0,0,0
720,15383.75,0,0,0,0,0,0,0,1,0,0,0,1,0,0,0,0,0,0,0,0
721,15396.0,0,0,0,0,0,0,0,1,0,0,0,0,0,0,0,0,0,0,0,0
722,15396.25,0,0,0,0,0,0,0,1,0,0,0,1,0,0,0,0,0,0,0,0
723,15405.5,0,0,0,0,0,0,0,1,0,0,0,0,0,0,0,0,0,0,0,0
724,15431.5,0,0,0,0,0,0,0,0,0,0,0,0,0,0,0,0,0,0,0,0
725,15804.75,0,0,0,0,0,0,0,0,0,0,0,1,0,0,0,0,0,0,0,0
726,15810.75,0,0,0,0,0,0,0,1,0,0,0,1,0,0,0,0,0,0,0,0
727,15819.25,0,0,0,0,0,0,0,1,0,0,0,0,0,0,0,0,0,0,0,0
728,15819.5,0,0,0,0,0,0,0,1,0,0,0,1,0,0,0,0,0,0,0,0
729,15821.5,0,0,0,0,0,0,0,1,0,0,0,0,0,0,0,0,0,0,0,0
730,15821.75,0,0,0,0,0,0,0,1,0,0,0,1,0,0,0,0,0,0,0,0
731,15834.0,0,0,0,0,0,0,0,1,0,0,0,0,0,0,0,0,0,0,0,0
732,15834.25,0,0,0,0,0,0,0,1,0,0,0,1,0,0,0,0,0,0,0,0
733,15836.25,0,0,0,0,0,0,0,1,0,0,0,0,0,0,0,0,0,0,0,0
734,15836.5,0,0,0,0,0,0,0,1,0,0,0,1,0,0,0,0,0,0,0,0
735,15851.0,0,0,0,0,0,0,0,1,0,0,0,0,0,0,0,0,0,0,0,0
736,15851.25,0,0,0,0,0,0,0,1,0,0,0,1,0,0,0,0,0,0,0,0
737,15853.25,0,0,0,0,0,0,0,1,0,0,0,0,0,0,0,0,0,0,0,0
738,15853.5,0,0,0,0,0,0,0,1,0,0,0,1,0,0,0,0,0,0,0,0
739,15865.75,0,0,0,0,0,0,0,1,0,0,0,0,0,0,0,0,0,0,0,0
740,15866.0,0,0,0,0,0,0,0,1,0,0,0,1,0,0,0,0,0,0,0,0
741,15882.75,0,0,0,0,0,0,0,1,0,0,0,0,0,0,0,0,0,0,0,0
742,15883.0,0,0,0,0,0,0,0,1,0,0,0,1,0,0,0,0,0,0,0,0
743,15885.0,0,0,0,0,0,0,0,1,0,0,0,0,0,0,0,0,0,0,0,0
744,15885.25,0,0,0,0,0,0,0,1,0,0,0,1,0,0,0,0,0,0,0,0
745,15904.75,0,0,0,0,0,0,0,1,0,0,0,0,0,0,0,0,0,0,0,0
746,15935.75,0,0,0,0,0,0,0,0,0,0,0,0,0,0,0,0,0,0,0,0
747,16304.0,0,0,0,0,0,0,0,0,0,0,0,1,0,0,0,0,0,0,0,0
748,16311.5,0,0,0,0,0,0,0,1,0,0,0,1,0,0,0,0,0,0,0,0
749,16320.75,0,0,0,0,0,0,0,1,0,0,0,0,0,0,0,0,0,0,0,0
750,16321.0,0,0,0,0,0,0,0,1,0,0,0,1,0,0,0,0,0,0,0,0
751,16323.0,0,0,0,0,0,0,0,1,0,0,0,0,0,0,0,0,0,0,0,0
752,16323.25,0,0,0,0,0,0,0,1,0,0,0,1,0,0,0,0,0,0,0,0
753,16335.5,0,0,0,0,0,0,0,1,0,0,0,0,0,0,0,0,0,0,0,0
754,16335.75,0,0,0,0,0,0,0,1,0,0,0,1,0,0,0,0,0,0,0,0
755,16352.5,0,0,0,0,0,0,0,1,0,0,0,0,0,0,0,0,0,0,0,0
756,16352.75,0,0,0,0,0,0,0,1,0,0,0,1,0,0,0,0,0,0,0,0
757,16354.75,0,0,0,0,0,0,0,1,0,0,0,0,0,0,0,0,0,0,0,0
758,16355.0,0,0,0,0,0,0,0,1,0,0,0,1,0,0,0,0,0,0,0,0
759,16367.25,0,0,0,0,0,0,0,1,0,0,0,0,0,0,0,0,0,0,0,0
760,16367.5,0,0,0,0,0,0,0,1,0,0,0,1,0,0,0,0,0,0,0,0
761,16384.25,0,0,0,0,0,0,0,1,0,0,0,0,0,0,0,0,0,0,0,0
762,16384.5,0,0,0,0,0,0,0,1,0,0,0,1,0,0,0,0,0,0,0,0
763,16386.5,0,0,0,0,0,0,0,1,0,0,0,0,0,0,0,0,0,0,0,0
764,16386.75,0,0,0,0,0,0,0,1,0,0,0,1,0,0,0,0,0,0,0,0
765,16401.25,0,0,0,0,0,0,0,1,0,0,0,0,0,0,0,0,0,0,0,0
766,16401.5,0,0,0,0,0,0,0,1,0,0,0,1,0,0,0,0,0,0,0,0
767,16403.75,0,0,0,0,0,0,0,1,0,0,0,0,0,0,0,0,0,0,0,0
768,16435.0,0,0,0,0,0,0,0,0,0,0,0,0,0,0,0,0,0,0,0,0
769,16812.0,0,0,0,0,0,0,0,1,0,0,0,0,0,0,0,0,0,0,0,0
770,16814.75,0,0,0,0,0,0,0,1,0,0,0,1,0,0,0,0,0,0,0,0
771,16820.25,0,0,0,0,0,0,0,1,0,0,0,0,0,0,0,0,0,0,0,0
772,16820.5,0,0,0,0,0,0,0,1,0,0,0,1,0,0,0,0,0,0,0,0
773,16822.5,0,0,0,0,0,0,0,1,0,0,0,0,0,0,0,0,0,0,0,0
774,16822.75,0,0,0,0,0,0,0,1,0,0,0,1,0,0,0,0,0,0,0,0
775,16835.0,0,0,0,0,0,0,0,1,0,0,0,0,0,0,0,0,0,0,0,0
776,16835.25,0,0,0,0,0,0,0,1,0,0,0,1,0,0,0,0,0,0,0,0
777,16837.25,0,0,0,0,0,0,0,1,0,0,0,0,0,0,0,0,0,0,0,0
778,16837.5,0,0,0,0,0,0,0,1,0,0,0,1,0,0,0,0,0,0,0,0
779,16852.0,0,0,0,0,0,0,0,1,0,0,0,0,0,0,0,0,0,0,0,0
780,16852.25,0,0,0,0,0,0,0,1,0,0,0,1,0,0,0,0,0,0,0,0
781,16854.25,0,0,0,0,0,0,0,1,0,0,0,0,0,0,0,0,0,0,0,0
782,16854.5,0,0,0,0,0,0,0,1,0,0,0,1,0,0,0,0,0,0,0,0
783,16866.75,0,0,0,0,0,0,0,1,0,0,0,0,0,0,0,0,0,0,0,0
784,16867.0,0,0,0,0,0,0,0,1,0,0,0,1,0,0,0,0,0,0,0,0
785,16883.75,0,0,0,0,0,0,0,1,0,0,0,0,0,0,0,0,0,0,0,0
786,16884.0,0,0,0,0,0,0,0,1,0,0,0,1,0,0,0,0,0,0,0,0
787,16886.0,0,0,0,0,0,0,0,1,0,0,0,0,0,0,0,0,0,0,0,0
788,16886.25,0,0,0,0,0,0,0,1,0,0,0,1,0,0,0,0,0,0,0,0
789,16914.75,0,0,0,0,0,0,0,1,0,0,0,0,0,0,0,0,0,0,0,0
790,16935.0,0,0,0,0,0,0,0,0,0,0,0,0,0,0,0,0,0,0,0,0
791,17329.5,0,0,0,0,0,0,0,1,0,0,0,0,0,0,0,0,0,0,0,0
792,17337.25,0,0,0,0,0,0,0,1,0,0,0,1,0,0,0,0,0,0,0,0
793,17349.5,0,0,0,0,0,0,0,1,0,0,0,0,0,0,0,0,0,0,0,0
794,17349.75,0,0,0,0,0,0,0,1,0,0,0,1,0,0,0,0,0,0,0,0
795,17351.75,0,0,0,0,0,0,0,1,0,0,0,0,0,0,0,0,0,0,0,0
796,17352.0,0,0,0,0,0,0,0,1,0,0,0,1,0,0,0,0,0,0,0,0
797,17364.25,0,0,0,0,0,0,0,1,0,0,0,0,0,0,0,0,0,0,0,0
798,17364.5,0,0,0,0,0,0,0,1,0,0,0,1,0,0,0,0,0,0,0,0
799,17381.25,0,0,0,0,0,0,0,1,0,0,0,0,0,0,0,0,0,0,0,0
800,17381.5,0,0,0,0,0,0,0,1,0,0,0,1,0,0,0,0,0,0,0,0
801,17383.5,0,0,0,0,0,0,0,1,0,0,0,0,0,0,0,0,0,0,0,0
802,17383.75,0,0,0,0,0,0,0,1,0,0,0,1,0,0,0,0,0,0,0,0
803,17396.0,0,0,0,0,0,0,0,1,0,0,0,0,0,0,0,0,0,0,0,0
804,17396.25,0,0,0,0,0,0,0,1,0,0,0,1,0,0,0,0,0,0,0,0
805,17413.0,0,0,0,0,0,0,0,1,0,0,0,0,0,0,0,0,0,0,0,0
806,17413.25,0,0,0,0,0,0,0,1,0,0,0,1,0,0,0,0,0,0,0,0
807,17415.25,0,0,0,0,0,0,0,1,0,0,0,0,0,0,0,0,0,0,0,0
808,17415.5,0,0,0,0,0,0,0,1,0,0,0,1,0,0,0,0,0,0,0,0
809,17427.75,0,0,0,0,0,0,0,1,0,0,0,0,0,0,0,0,0,0,0,0
810,17428.0,0,0,0,0,0,0,0,1,0,0,0,1,0,0,0,0,0,0,0,0
811,17430.0,0,0,0,0,0,0,0,1,0,0,0,0,0,0,0,0,0,0,0,0
812,17430.25,0,0,0,0,0,0,0,1,0,0,0,1,0,0,0,0,0,0,0,0
813,17437.25,0,0,0,0,0,0,0,1,0,0,0,0,0,0,0,0,0,0,0,0
814,17450.75,0,0,0,0,0,0,0,0,0,0,0,0,0,0,0,0,0,0,0,0
815,17796.75,0,0,0,0,0,0,0,1,0,0,0,0,0,0,0,0,0,0,0,0
816,17801.5,0,0,0,0,0,0,0,1,0,0,0,1,0,0,0,0,0,0,0,0
817,17808.25,0,0,0,0,0,0,0,1,0,0,0,0,0,0,0,0,0,0,0,0
818,17808.5,0,0,0,0,0,0,0,1,0,0,0,1,0,0,0,0,0,0,0,0
819,17810.5,0,0,0,0,0,0,0,1,0,0,0,0,0,0,0,0,0,0,0,0
820,17810.75,0,0,0,0,0,0,0,1,0,0,0,1,0,0,0,0,0,0,0,0
821,17825.25,0,0,0,0,0,0,0,1,0,0,0,0,0,0,0,0,0,0,0,0
822,17825.5,0,0,0,0,0,0,0,1,0,0,0,1,0,0,0,0,0,0,0,0
823,17827.5,0,0,0,0,0,0,0,1,0,0,0,0,0,0,0,0,0,0,0,0
824,17827.75,0,0,0,0,0,0,0,1,0,0,0,1,0,0,0,0,0,0,0,0
825,17829.75,0,0,0,0,0,0,0,1,0,0,0,0,0,0,0,0,0,0,0,0
826,17830.0,0,0,0,0,0,0,0,1,0,0,0,1,0,0,0,0,0,0,0,0
827,17840.0,0,0,0,0,0,0,0,1,0,0,0,0,0,0,0,0,0,0,0,0
828,17840.25,0,0,0,0,0,0,0,1,0,0,0,1,0,0,0,0,0,0,0,0
829,17842.25,0,0,0,0,0,0,0,1,0,0,0,0,0,0,0,0,0,0,0,0
830,17842.5,0,0,0,0,0,0,0,1,0,0,0,1,0,0,0,0,0,0,0,0
831,17859.25,0,0,0,0,0,0,0,1,0,0,0,0,0,0,0,0,0,0,0,0
832,17859.5,0,0,0,0,0,0,0,1,0,0,0,1,0,0,0,0,0,0,0,0
833,17861.5,0,0,0,0,0,0,0,1,0,0,0,0,0,0,0,0,0,0,0,0
834,17861.75,0,0,0,0,0,0,0,1,0,0,0,1,0,0,0,0,0,0,0,0
835,17874.0,0,0,0,0,0,0,0,1,0,0,0,0,0,0,0,0,0,0,0,0
836,17874.25,0,0,0,0,0,0,0,1,0,0,0,1,0,0,0,0,0,0,0,0
837,17891.0,0,0,0,0,0,0,0,1,0,0,0,0,0,0,0,0,0,0,0,0
838,17891.25,0,0,0,0,0,0,0,1,0,0,0,1,0,0,0,0,0,0,0,0
839,17893.25,0,0,0,0,0,0,0,1,0,0,0,0,0,0,0,0,0,0,0,0
840,17893.5,0,0,0,0,0,0,0,1,0,0,0,1,0,0,0,0,0,0,0,0
841,17901.5,0,0,0,0,0,0,0,1,0,0,0,0,0,0,0,0,0,0,0,0
842,17918.25,0,0,0,0,0,0,0,0,0,0,0,0,0,0,0,0,0,0,0,0
843,18312.25,0,0,0,0,0,0,0,1,0,0,0,0,0,0,0,0,0,0,0,0
844,18312.5,0,0,0,0,0,0,0,1,0,0,0,1,0,0,0,0,0,0,0,0
845,18324.75,0,0,0,0,0,0,0,1,0,0,0,0,0,0,0,0,0,0,0,0
846,18325.0,0,0,0,0,0,0,0,1,0,0,0,1,0,0,0,0,0,0,0,0
847,18327.0,0,0,0,0,0,0,0,1,0,0,0,0,0,0,0,0,0,0,0,0
848,18327.25,0,0,0,0,0,0,0,1,0,0,0,1,0,0,0,0,0,0,0,0
849,18341.75,0,0,0,0,0,0,0,1,0,0,0,0,0,0,0,0,0,0,0,0
850,18342.0,0,0,0,0,0,0,0,1,0,0,0,1,0,0,0,0,0,0,0,0
851,18356.5,0,0,0,0,0,0,0,1,0,0,0,0,0,0,0,0,0,0,0,0
852,18356.75,0,0,0,0,0,0,0,1,0,0,0,1,0,0,0,0,0,0,0,0
853,18358.75,0,0,0,0,0,0,0,1,0,0,0,0,0,0,0,0,0,0,0,0
854,18359.0,0,0,0,0,0,0,0,1,0,0,0,1,0,0,0,0,0,0,0,0
855,18361.0,0,0,0,0,0,0,0,1,0,0,0,0,0,0,0,0,0,0,0,0
856,18361.25,0,0,0,0,0,0,0,1,0,0,0,1,0,0,0,0,0,0,0,0
857,18373.5,0,0,0,0,0,0,0,1,0,0,0,0,0,0,0,0,0,0,0,0
858,18373.75,0,0,0,0,0,0,0,1,0,0,0,1,0,0,0,0,0,0,0,0
859,18390.5,0,0,0,0,0,0,0,1,0,0,0,0,0,0,0,0,0,0,0,0
860,18390.75,0,0,0,0,0,0,0,1,0,0,0,1,0,0,0,0,0,0,0,0
861,18392.75,0,0,0,0,0,0,0,1,0,0,0,0,0,0,0,0,0,0,0,0
862,18393.0,0,0,0,0,0,0,0,1,0,0,0,1,0,0,0,0,0,0,0,0
863,18405.25,0,0,0,0,0,0,0,1,0,0,0,0,0,0,0,0,0,0,0,0
864,18405.5,0,0,0,0,0,0,0,1,0,0,0,1,0,0,0,0,0,0,0,0
865,18407.5,0,0,0,0,0,0,0,1,0,0,0,0,0,0,0,0,0,0,0,0
866,18407.75,0,0,0,0,0,0,0,1,0,0,0,1,0,0,0,0,0,0,0,0
867,18412.5,0,0,0,0,0,0,0,1,0,0,0,0,0,0,0,0,0,0,0,0
868,18438.5,0,0,0,0,0,0,0,0,0,0,0,0,0,0,0,0,0,0,0,0
869,18800.0,0,0,0,0,0,0,0,0,0,0,0,1,0,0,0,0,0,0,0,0
870,18801.0,0,0,0,0,0,0,0,0,0,0,0,0,0,0,0,0,0,0,0,0
871,18801.25,0,0,0,0,0,0,0,0,0,0,0,1,0,0,0,0,0,0,0,0
872,18811.0,0,0,0,0,0,0,0,1,0,0,0,1,0,0,0,0,0,0,0,0
873,18813.5,0,0,0,0,0,0,0,1,0,0,0,0,0,0,0,0,0,0,0,0
874,18813.75,0,0,0,0,0,0,0,1,0,0,0,1,0,0,0,0,0,0,0,0
875,18830.5,0,0,0,0,0,0,0,1,0,0,0,0,0,0,0,0,0,0,0,0
876,18830.75,0,0,0,0,0,0,0,1,0,0,0,1,0,0,0,0,0,0,0,0
877,18832.75,0,0,0,0,0,0,0,1,0,0,0,0,0,0,0,0,0,0,0,0
878,18833.0,0,0,0,0,0,0,0,1,0,0,0,1,0,0,0,0,0,0,0,0
879,18845.25,0,0,0,0,0,0,0,1,0,0,0,0,0,0,0,0,0,0,0,0
880,18845.5,0,0,0,0,0,0,0,1,0,0,0,1,0,0,0,0,0,0,0,0
881,18862.25,0,0,0,0,0,0,0,1,0,0,0,0,0,0,0,0,0,0,0,0
882,18862.5,0,0,0,0,0,0,0,1,0,0,0,1,0,0,0,0,0,0,0,0
883,18864.5,0,0,0,0,0,0,0,1,0,0,0,0,0,0,0,0,0,0,0,0
884,18864.75,0,0,0,0,0,0,0,1,0,0,0,1,0,0,0,0,0,0,0,0
885,18877.0,0,0,0,0,0,0,0,1,0,0,0,0,0,0,0,0,0,0,0,0
886,18877.25,0,0,0,0,0,0,0,1,0,0,0,1,0,0,0,0,0,0,0,0
887,18879.25,0,0,0,0,0,0,0,1,0,0,0,0,0,0,0,0,0,0,0,0
888,18879.5,0,0,0,0,0,0,0,1,0,0,0,1,0,0,0,0,0,0,0,0
889,18894.0,0,0,0,0,0,0,0,1,0,0,0,0,0,0,0,0,0,0,0,0
890,18894.25,0,0,0,0,0,0,0,1,0,0,0,1,0,0,0,0,0,0,0,0
891,18896.25,0,0,0,0,0,0,0,1,0,0,0,0,0,0,0,0,0,0,0,0
892,18896.5,0,0,0,0,0,0,0,1,0,0,0,1,0,0,0,0,0,0,0,0
893,18900.0,0,0,0,0,0,0,0,1,0,0,0,0,0,0,0,0,0,0,0,0
894,18935.25,0,0,0,0,0,0,0,0,0,0,0,0,0,0,0,0,0,0,0,0
895,19299.25,0,0,0,0,0,0,0,0,0,0,0,1,0,0,0,0,0,0,0,0
896,19300.25,0,0,0,0,0,0,0,0,0,0,0,0,0,0,0,0,0,0,0,0
897,19300.5,0,0,0,0,0,0,0,0,0,0,0,1,0,0,0,0,0,0,0,0
898,19302.5,0,0,0,0,0,0,0,0,0,0,0,0,0,0,0,0,0,0,0,0
899,19302.75,0,0,0,0,0,0,0,0,0,0,0,1,0,0,0,0,0,0,0,0
900,19309.75,0,0,0,0,0,0,0,1,0,0,0,1,0,0,0,0,0,0,0,0
901,19315.0,0,0,0,0,0,0,0,1,0,0,0,0,0,0,0,0,0,0,0,0
902,19315.25,0,0,0,0,0,0,0,1,0,0,0,1,0,0,0,0,0,0,0,0
903,19317.25,0,0,0,0,0,0,0,1,0,0,0,0,0,0,0,0,0,0,0,0
904,19317.5,0,0,0,0,0,0,0,1,0,0,0,1,0,0,0,0,0,0,0,0
905,19332.0,0,0,0,0,0,0,0,1,0,0,0,0,0,0,0,0,0,0,0,0
906,19332.25,0,0,0,0,0,0,0,1,0,0,0,1,0,0,0,0,0,0,0,0
907,19334.25,0,0,0,0,0,0,0,1,0,0,0,0,0,0,0,0,0,0,0,0
908,19334.5,0,0,0,0,0,0,0,1,0,0,0,1,0,0,0,0,0,0,0,0
909,19346.75,0,0,0,0,0,0,0,1,0,0,0,0,0,0,0,0,0,0,0,0
910,19347.0,0,0,0,0,0,0,0,1,0,0,0,1,0,0,0,0,0,0,0,0
911,19349.0,0,0,0,0,0,0,0,1,0,0,0,0,0,0,0,0,0,0,0,0
912,19349.25,0,0,0,0,0,0,0,1,0,0,0,1,0,0,0,0,0,0,0,0
913,19363.75,0,0,0,0,0,0,0,1,0,0,0,0,0,0,0,0,0,0,0,0
914,19364.0,0,0,0,0,0,0,0,1,0,0,0,1,0,0,0,0,0,0,0,0
915,19366.0,0,0,0,0,0,0,0,1,0,0,0,0,0,0,0,0,0,0,0,0
916,19366.25,0,0,0,0,0,0,0,1,0,0,0,1,0,0,0,0,0,0,0,0
917,19378.5,0,0,0,0,0,0,0,1,0,0,0,0,0,0,0,0,0,0,0,0
918,19378.75,0,0,0,0,0,0,0,1,0,0,0,1,0,0,0,0,0,0,0,0
919,19397.75,0,0,0,0,0,0,0,1,0,0,0,0,0,0,0,0,0,0,0,0
920,19398.0,0,0,0,0,0,0,0,1,0,0,0,1,0,0,0,0,0,0,0,0
921,19399.25,0,0,0,0,0,0,0,1,0,0,0,0,0,0,0,0,0,0,0,0
922,19437.75,0,0,0,0,0,0,0,0,0,0,0,0,0,0,0,0,0,0,0,0
923,19809.0,0,0,0,0,0,0,0,1,0,0,0,0,0,0,0,0,0,0,0,0
924,19810.0,0,0,0,0,0,0,0,1,0,0,0,1,0,0,0,0,0,0,0,0
925,19812.25,0,0,0,0,0,0,0,1,0,0,0,0,0,0,0,0,0,0,0,0
926,19812.5,0,0,0,0,0,0,0,1,0,0,0,1,0,0,0,0,0,0,0,0
927,19814.5,0,0,0,0,0,0,0,1,0,0,0,0,0,0,0,0,0,0,0,0
928,19814.75,0,0,0,0,0,0,0,1,0,0,0,1,0,0,0,0,0,0,0,0
929,19831.5,0,0,0,0,0,0,0,1,0,0,0,0,0,0,0,0,0,0,0,0
930,19831.75,0,0,0,0,0,0,0,1,0,0,0,1,0,0,0,0,0,0,0,0
931,19833.75,0,0,0,0,0,0,0,1,0,0,0,0,0,0,0,0,0,0,0,0
932,19834.0,0,0,0,0,0,0,0,1,0,0,0,1,0,0,0,0,0,0,0,0
933,19846.25,0,0,0,0,0,0,0,1,0,0,0,0,0,0,0,0,0,0,0,0
934,19846.5,0,0,0,0,0,0,0,1,0,0,0,1,0,0,0,0,0,0,0,0
935,19863.25,0,0,0,0,0,0,0,1,0,0,0,0,0,0,0,0,0,0,0,0
936,19863.5,0,0,0,0,0,0,0,1,0,0,0,1,0,0,0,0,0,0,0,0
937,19865.5,0,0,0,0,0,0,0,1,0,0,0,0,0,0,0,0,0,0,0,0
938,19865.75,0,0,0,0,0,0,0,1,0,0,0,1,0,0,0,0,0,0,0,0
939,19878.0,0,0,0,0,0,0,0,1,0,0,0,0,0,0,0,0,0,0,0,0
940,19878.25,0,0,0,0,0,0,0,1,0,0,0,1,0,0,0,0,0,0,0,0
941,19895.0,0,0,0,0,0,0,0,1,0,0,0,0,0,0,0,0,0,0,0,0
942,19895.25,0,0,0,0,0,0,0,1,0,0,0,1,0,0,0,0,0,0,0,0
943,19897.25,0,0,0,0,0,0,0,1,0,0,0,0,0,0,0,0,0,0,0,0
944,19897.5,0,0,0,0,0,0,0,1,0,0,0,1,0,0,0,0,0,0,0,0
945,19909.75,0,0,0,0,0,0,0,1,0,0,0,0,0,0,0,0,0,0,0,0
946,19910.0,0,0,0,0,0,0,0,1,0,0,0,1,0,0,0,0,0,0,0,0
947,19910.25,0,0,0,0,0,0,0,1,0,0,0,0,0,0,0,0,0,0,0,0
948,20309.25,0,0,0,0,0,0,0,1,0,0,0,1,0,0,0,0,0,0,0,0
949,20316.0,0,0,0,0,0,0,0,1,0,0,0,0,0,0,0,0,0,0,0,0
950,20316.25,0,0,0,0,0,0,0,1,0,0,0,1,0,0,0,0,0,0,0,0
951,20333.0,0,0,0,0,0,0,0,1,0,0,0,0,0,0,0,0,0,0,0,0
952,20333.25,0,0,0,0,0,0,0,1,0,0,0,1,0,0,0,0,0,0,0,0
953,20335.25,0,0,0,0,0,0,0,1,0,0,0,0,0,0,0,0,0,0,0,0
954,20335.5,0,0,0,0,0,0,0,1,0,0,0,1,0,0,0,0,0,0,0,0
955,20347.75,0,0,0,0,0,0,0,1,0,0,0,0,0,0,0,0,0,0,0,0
956,20348.0,0,0,0,0,0,0,0,1,0,0,0,1,0,0,0,0,0,0,0,0
957,20350.0,0,0,0,0,0,0,0,1,0,0,0,0,0,0,0,0,0,0,0,0
958,20350.25,0,0,0,0,0,0,0,1,0,0,0,1,0,0,0,0,0,0,0,0
959,20364.75,0,0,0,0,0,0,0,1,0,0,0,0,0,0,0,0,0,0,0,0
960,20365.0,0,0,0,0,0,0,0,1,0,0,0,1,0,0,0,0,0,0,0,0
961,20367.0,0,0,0,0,0,0,0,1,0,0,0,0,0,0,0,0,0,0,0,0
962,20367.25,0,0,0,0,0,0,0,1,0,0,0,1,0,0,0,0,0,0,0,0
963,20379.5,0,0,0,0,0,0,0,1,0,0,0,0,0,0,0,0,0,0,0,0
964,20379.75,0,0,0,0,0,0,0,1,0,0,0,1,0,0,0,0,0,0,0,0
965,20381.75,0,0,0,0,0,0,0,1,0,0,0,0,0,0,0,0,0,0,0,0
966,20382.0,0,0,0,0,0,0,0,1,0,0,0,1,0,0,0,0,0,0,0,0
967,20396.5,0,0,0,0,0,0,0,1,0,0,0,0,0,0,0,0,0,0,0,0
968,20396.75,0,0,0,0,0,0,0,1,0,0,0,1,0,0,0,0,0,0,0,0
969,20398.75,0,0,0,0,0,0,0,1,0,0,0,0,0,0,0,0,0,0,0,0
970,20399.0,0,0,0,0,0,0,0,1,0,0,0,1,0,0,0,0,0,0,0,0
971,20401.0,0,0,0,0,0,0,0,1,0,0,0,0,0,0,0,0,0,0,0,0
972,20401.25,0,0,0,0,0,0,0,1,0,0,0,1,0,0,0,0,0,0,0,0
973,20409.25,0,0,0,0,0,0,0,1,0,0,0,0,0,0,0,0,0,0,0,0
974,20592.25,0,0,0,0,0,0,0,0,0,0,0,0,0,0,0,0,0,0,0,0
975,20808.5,0,0,0,0,0,0,0,0,0,0,0,1,0,0,0,0,0,0,0,0
976,20809.0,0,0,0,0,0,0,0,1,0,0,0,1,0,0,0,0,0,0,0,0
977,20809.25,0,0,0,0,0,0,0,1,0,0,0,0,0,0,0,0,0,0,0,0
978,20809.5,0,0,0,0,0,0,0,1,0,0,0,1,0,0,0,0,0,0,0,0
979,20817.5,0,0,0,0,0,0,0,1,0,0,0,0,0,0,0,0,0,0,0,0
980,20817.75,0,0,0,0,0,0,0,1,0,0,0,1,0,0,0,0,0,0,0,0
981,20834.5,0,0,0,0,0,0,0,1,0,0,0,0,0,0,0,0,0,0,0,0
982,20834.75,0,0,0,0,0,0,0,1,0,0,0,1,0,0,0,0,0,0,0,0
983,20836.75,0,0,0,0,0,0,0,1,0,0,0,0,0,0,0,0,0,0,0,0
984,20837.0,0,0,0,0,0,0,0,1,0,0,0,1,0,0,0,0,0,0,0,0
985,20851.5,0,0,0,0,0,0,0,1,0,0,0,0,0,0,0,0,0,0,0,0
986,20851.75,0,0,0,0,0,0,0,1,0,0,0,1,0,0,0,0,0,0,0,0
987,20866.25,0,0,0,0,0,0,0,1,0,0,0,0,0,0,0,0,0,0,0,0
988,20866.5,0,0,0,0,0,0,0,1,0,0,0,1,0,0,0,0,0,0,0,0
989,20868.5,0,0,0,0,0,0,0,1,0,0,0,0,0,0,0,0,0,0,0,0
990,20868.75,0,0,0,0,0,0,0,1,0,0,0,1,0,0,0,0,0,0,0,0
991,20881.0,0,0,0,0,0,0,0,1,0,0,0,0,0,0,0,0,0,0,0,0
992,20881.25,0,0,0,0,0,0,0,1,0,0,0,1,0,0,0,0,0,0,0,0
993,20883.25,0,0,0,0,0,0,0,1,0,0,0,0,0,0,0,0,0,0,0,0
994,20883.5,0,0,0,0,0,0,0,1,0,0,0,1,0,0,0,0,0,0,0,0
995,20900.25,0,0,0,0,0,0,0,1,0,0,0,0,0,0,0,0,0,0,0,0
996,20900.5,0,0,0,0,0,0,0,1,0,0,0,1,0,0,0,0,0,0,0,0
997,20902.5,0,0,0,0,0,0,0,1,0,0,0,0,0,0,0,0,0,0,0,0
998,20902.75,0,0,0,0,0,0,0,1,0,0,0,1,0,0,0,0,0,0,0,0
999,20908.5,0,0,0,0,0,0,0,1,0,0,0,0,0,0,0,0,0,0,0,0
1000,20936.0,0,0,0,0,0,0,0,0,0,0,0,0,0,0,0,0,0,0,0,0
1001,21307.75,0,0,0,0,0,0,0,0,0,0,0,1,0,0,0,0,0,0,0,0
1002,21309.25,0,0,0,0,0,0,0,1,0,0,0,1,0,0,0,0,0,0,0,0
1003,21319.0,0,0,0,0,0,0,0,1,0,0,0,0,0,0,0,0,0,0,0,0
1004,21319.25,0,0,0,0,0,0,0,1,0,0,0,1,0,0,0,0,0,0,0,0
1005,21336.0,0,0,0,0,0,0,0,1,0,0,0,0,0,0,0,0,0,0,0,0
1006,21336.25,0,0,0,0,0,0,0,1,0,0,0,1,0,0,0,0,0,0,0,0
1007,21338.25,0,0,0,0,0,0,0,1,0,0,0,0,0,0,0,0,0,0,0,0
1008,21338.5,0,0,0,0,0,0,0,1,0,0,0,1,0,0,0,0,0,0,0,0
1009,21353.0,0,0,0,0,0,0,0,1,0,0,0,0,0,0,0,0,0,0,0,0
1010,21353.25,0,0,0,0,0,0,0,1,0,0,0,1,0,0,0,0,0,0,0,0
1011,21367.75,0,0,0,0,0,0,0,1,0,0,0,0,0,0,0,0,0,0,0,0
1012,21368.0,0,0,0,0,0,0,0,1,0,0,0,1,0,0,0,0,0,0,0,0
1013,21370.0,0,0,0,0,0,0,0,1,0,0,0,0,0,0,0,0,0,0,0,0
1014,21370.25,0,0,0,0,0,0,0,1,0,0,0,1,0,0,0,0,0,0,0,0
1015,21372.25,0,0,0,0,0,0,0,1,0,0,0,0,0,0,0,0,0,0,0,0
1016,21372.5,0,0,0,0,0,0,0,1,0,0,0,1,0,0,0,0,0,0,0,0
1017,21384.75,0,0,0,0,0,0,0,1,0,0,0,0,0,0,0,0,0,0,0,0
1018,21385.0,0,0,0,0,0,0,0,1,0,0,0,1,0,0,0,0,0,0,0,0
1019,21401.75,0,0,0,0,0,0,0,1,0,0,0,0,0,0,0,0,0,0,0,0
1020,21402.0,0,0,0,0,0,0,0,1,0,0,0,1,0,0,0,0,0,0,0,0
1021,21404.0,0,0,0,0,0,0,0,1,0,0,0,0,0,0,0,0,0,0,0,0
1022,21404.25,0,0,0,0,0,0,0,1,0,0,0,1,0,0,0,0,0,0,0,0
1023,21407.75,0,0,0,0,0,0,0,1,0,0,0,0,0,0,0,0,0,0,0,0
